電影院ID,電影院名稱,日期,場次時間,電影名稱
t02a01,台北信義威秀,20250508,10:00,雷霆特攻隊
t02a01,台北信義威秀,20250508,10:30,雷霆特攻隊
t02a01,台北信義威秀,20250508,11:00,雷霆特攻隊
t02a01,台北信義威秀,20250508,12:25,雷霆特攻隊
t02a01,台北信義威秀,20250508,13:00,雷霆特攻隊
t02a01,台北信義威秀,20250508,13:25,雷霆特攻隊
t02a01,台北信義威秀,20250508,14:50,雷霆特攻隊
t02a01,台北信義威秀,20250508,15:25,雷霆特攻隊
t02a01,台北信義威秀,20250508,15:50,雷霆特攻隊
t02a01,台北信義威秀,20250508,17:15,雷霆特攻隊
t02a01,台北信義威秀,20250508,17:50,雷霆特攻隊
t02a01,台北信義威秀,20250508,18:20,雷霆特攻隊
t02a01,台北信義威秀,20250508,19:40,雷霆特攻隊
t02a01,台北信義威秀,20250508,20:15,雷霆特攻隊
t02a01,台北信義威秀,20250508,20:45,雷霆特攻隊
t02a01,台北信義威秀,20250508,22:05,雷霆特攻隊
t02a01,台北信義威秀,20250508,22:40,雷霆特攻隊
t02a01,台北信義威秀,20250508,10:10,會計師2
t02a01,台北信義威秀,20250508,12:40,會計師2
t02a01,台北信義威秀,20250508,15:10,會計師2
t02a01,台北信義威秀,20250508,17:40,會計師2
t02a01,台北信義威秀,20250508,20:10,會計師2
t02a01,台北信義威秀,20250508,22:40,會計師2
t02a01,台北信義威秀,20250508,10:25,聖夜：惡魔都市
t02a01,台北信義威秀,20250508,12:20,聖夜：惡魔都市
t02a01,台北信義威秀,20250508,14:15,聖夜：惡魔都市
t02a01,台北信義威秀,20250508,16:15,聖夜：惡魔都市
t02a01,台北信義威秀,20250508,18:10,聖夜：惡魔都市
t02a01,台北信義威秀,20250508,20:05,聖夜：惡魔都市
t02a01,台北信義威秀,20250508,22:00,聖夜：惡魔都市
t02a01,台北信義威秀,20250508,10:00,取精急轉彎
t02a01,台北信義威秀,20250508,11:40,取精急轉彎
t02a01,台北信義威秀,20250508,13:20,取精急轉彎
t02a01,台北信義威秀,20250508,17:20,取精急轉彎
t02a01,台北信義威秀,20250508,19:00,取精急轉彎
t02a01,台北信義威秀,20250508,20:40,取精急轉彎
t02a01,台北信義威秀,20250508,22:20,取精急轉彎
t02a01,台北信義威秀,20250508,10:00,罪人
t02a01,台北信義威秀,20250508,12:35,罪人
t02a01,台北信義威秀,20250508,15:10,罪人
t02a01,台北信義威秀,20250508,17:45,罪人
t02a01,台北信義威秀,20250508,20:20,罪人
t02a01,台北信義威秀,20250508,22:55,罪人
t02a01,台北信義威秀,20250508,11:00,MINECRAFT麥塊電影
t02a01,台北信義威秀,20250508,13:00,MINECRAFT麥塊電影
t02a01,台北信義威秀,20250508,15:00,MINECRAFT麥塊電影
t02a01,台北信義威秀,20250508,17:00,MINECRAFT麥塊電影
t02a01,台北信義威秀,20250508,19:00,MINECRAFT麥塊電影
t02a01,台北信義威秀,20250508,11:10,夏日最後的祕密
t02a01,台北信義威秀,20250508,13:30,夏日最後的祕密
t02a01,台北信義威秀,20250508,15:45,夏日最後的祕密
t02a01,台北信義威秀,20250508,20:20,夏日最後的祕密
t02a01,台北信義威秀,20250508,12:10,有病才會喜歡你
t02a01,台北信義威秀,20250508,16:20,有病才會喜歡你
t02a01,台北信義威秀,20250508,20:30,有病才會喜歡你
t02a01,台北信義威秀,20250508,22:40,有病才會喜歡你
t02a01,台北信義威秀,20250508,15:00,怪獸8號：Mission Recon
t02a01,台北信義威秀,20250508,18:00,怪獸8號：Mission Recon
t02a01,台北信義威秀,20250508,20:30,怪獸8號：Mission Recon
t02a01,台北信義威秀,20250508,10:10,萬王之王
t02a01,台北信義威秀,20250508,14:20,萬王之王
t02a01,台北信義威秀,20250508,18:30,萬王之王
t02a01,台北信義威秀,20250508,12:30,直到黎明
t02a01,台北信義威秀,20250508,16:30,直到黎明
t02a01,台北信義威秀,20250508,21:00,直到黎明
t02a01,台北信義威秀,20250508,14:35,銀魂劇場版2D 金魂篇
t02a01,台北信義威秀,20250508,18:30,銀魂劇場版2D 金魂篇
t02a01,台北信義威秀,20250508,11:30,長安三萬里
t02a01,台北信義威秀,20250508,17:20,長安三萬里
t02a01,台北信義威秀,20250508,14:40,看我今天怎麼說
t02a01,台北信義威秀,20250508,20:30,看我今天怎麼說
t02a01,台北信義威秀,20250508,12:45,雷霆特攻隊
t02a01,台北信義威秀,20250508,15:10,雷霆特攻隊
t02a01,台北信義威秀,20250508,20:30,雷霆特攻隊
t02a01,台北信義威秀,20250508,22:55,雷霆特攻隊
t02a01,台北信義威秀,20250508,10:00,劇場版「進擊的巨人」完結篇
t02a01,台北信義威秀,20250508,17:35,劇場版「進擊的巨人」完結篇
t02a07,新民生戲院,20250508,10:20,雷霆特攻隊
t02a07,新民生戲院,20250508,14:20,雷霆特攻隊
t02a07,新民生戲院,20250508,18:50,雷霆特攻隊
t02a07,新民生戲院,20250508,21:20,雷霆特攻隊
t02a07,新民生戲院,20250508,23:50,雷霆特攻隊
t02a07,新民生戲院,20250508,13:35,夏日最後的祕密
t02a07,新民生戲院,20250508,18:20,夏日最後的祕密
t02a07,新民生戲院,20250508,10:30,長安三萬里
t02a07,新民生戲院,20250508,15:50,會計師2
t02a07,新民生戲院,20250508,20:30,會計師2
t02a07,新民生戲院,20250508,12:40,取精急轉彎
t02a07,新民生戲院,20250508,23:00,罪人
t02a07,新民生戲院,20250508,16:50,MINECRAFT麥塊電影
t02a03,微風影城,20250508,10:20,聖夜：惡魔都市
t02a03,微風影城,20250508,17:15,聖夜：惡魔都市
t02a03,微風影城,20250508,19:00,聖夜：惡魔都市
t02a03,微風影城,20250508,21:40,聖夜：惡魔都市
t02a03,微風影城,20250508,16:50,夏日最後的祕密
t02a03,微風影城,20250508,12:15,會計師2
t02a03,微風影城,20250508,14:45,會計師2
t02a03,微風影城,20250508,19:10,會計師2
t02a03,微風影城,20250508,21:00,會計師2
t02a03,微風影城,20250508,12:10,直到黎明
t02a03,微風影城,20250508,14:15,罪人
t02a08,誠品電影院,20250508,15:45,復活劫
t02a08,誠品電影院,20250508,21:45,復活劫
t02a08,誠品電影院,20250508,11:40,看我今天怎麼說
t02a08,誠品電影院,20250508,19:10,看我今天怎麼說
t02a08,誠品電影院,20250508,13:55,女警撞到夫
t02a08,誠品電影院,20250508,12:00,沈睡的水下巨人
t02a08,誠品電影院,20250508,17:45,沈睡的水下巨人
t02a08,誠品電影院,20250508,14:30,帶針的女孩
t02a08,誠品電影院,20250508,14:15,青春末世物語
t02a08,誠品電影院,20250508,19:40,粗獷派建築師
t02a08,誠品電影院,20250508,16:55,秘密會議
t02a08,誠品電影院,20250508,21:20,秘密會議
t02a08,誠品電影院,20250508,11:50,我依然在此
t02a08,誠品電影院,20250508,16:30,QUEER
t02a09,喜樂時代影城,20250508,11:00,雷霆特攻隊
t02a09,喜樂時代影城,20250508,11:30,雷霆特攻隊
t02a09,喜樂時代影城,20250508,12:00,雷霆特攻隊
t02a09,喜樂時代影城,20250508,12:30,雷霆特攻隊
t02a09,喜樂時代影城,20250508,12:55,雷霆特攻隊
t02a09,喜樂時代影城,20250508,13:25,雷霆特攻隊
t02a09,喜樂時代影城,20250508,13:55,雷霆特攻隊
t02a09,喜樂時代影城,20250508,14:25,雷霆特攻隊
t02a09,喜樂時代影城,20250508,15:00,雷霆特攻隊
t02a09,喜樂時代影城,20250508,15:20,雷霆特攻隊
t02a09,喜樂時代影城,20250508,15:50,雷霆特攻隊
t02a09,喜樂時代影城,20250508,16:25,雷霆特攻隊
t02a09,喜樂時代影城,20250508,16:50,雷霆特攻隊
t02a09,喜樂時代影城,20250508,17:30,雷霆特攻隊
t02a09,喜樂時代影城,20250508,17:50,雷霆特攻隊
t02a09,喜樂時代影城,20250508,18:20,雷霆特攻隊
t02a09,喜樂時代影城,20250508,18:50,雷霆特攻隊
t02a09,喜樂時代影城,20250508,19:15,雷霆特攻隊
t02a09,喜樂時代影城,20250508,20:00,雷霆特攻隊
t02a09,喜樂時代影城,20250508,20:30,雷霆特攻隊
t02a09,喜樂時代影城,20250508,21:15,雷霆特攻隊
t02a09,喜樂時代影城,20250508,21:45,雷霆特攻隊
t02a09,喜樂時代影城,20250508,22:30,雷霆特攻隊
t02a09,喜樂時代影城,20250508,13:10,雷霆特攻隊
t02a09,喜樂時代影城,20250508,15:35,雷霆特攻隊
t02a09,喜樂時代影城,20250508,18:05,雷霆特攻隊
t02a09,喜樂時代影城,20250508,11:00,聖夜：惡魔都市
t02a09,喜樂時代影城,20250508,12:50,聖夜：惡魔都市
t02a09,喜樂時代影城,20250508,14:40,聖夜：惡魔都市
t02a09,喜樂時代影城,20250508,16:35,聖夜：惡魔都市
t02a09,喜樂時代影城,20250508,18:30,聖夜：惡魔都市
t02a09,喜樂時代影城,20250508,20:35,聖夜：惡魔都市
t02a09,喜樂時代影城,20250508,22:30,聖夜：惡魔都市
t02a09,喜樂時代影城,20250508,11:00,夏日最後的祕密
t02a09,喜樂時代影城,20250508,13:10,夏日最後的祕密
t02a09,喜樂時代影城,20250508,15:30,夏日最後的祕密
t02a09,喜樂時代影城,20250508,18:00,夏日最後的祕密
t02a09,喜樂時代影城,20250508,20:15,夏日最後的祕密
t02a09,喜樂時代影城,20250508,22:30,夏日最後的祕密
t02a09,喜樂時代影城,20250508,11:00,看我今天怎麼說
t02a09,喜樂時代影城,20250508,15:10,看我今天怎麼說
t02a09,喜樂時代影城,20250508,19:15,看我今天怎麼說
t02a09,喜樂時代影城,20250508,13:10,復活劫
t02a09,喜樂時代影城,20250508,16:25,復活劫
t02a09,喜樂時代影城,20250508,19:10,復活劫
t02a09,喜樂時代影城,20250508,11:25,飆風男孩
t02a09,喜樂時代影城,20250508,15:05,飆風男孩
t02a09,喜樂時代影城,20250508,18:40,飆風男孩
t02a09,喜樂時代影城,20250508,11:25,跳進部落的孩子
t02a09,喜樂時代影城,20250508,19:30,跳進部落的孩子
t02a09,喜樂時代影城,20250508,14:25,長安三萬里
t02a09,喜樂時代影城,20250508,20:35,長安三萬里
t02a09,喜樂時代影城,20250508,11:00,長安三萬里
t02a09,喜樂時代影城,20250508,17:30,長安三萬里
t02a09,喜樂時代影城,20250508,14:10,花束般的戀愛
t02a09,喜樂時代影城,20250508,18:10,花束般的戀愛
t02a09,喜樂時代影城,20250508,11:00,怪獸8號：Mission Recon
t02a09,喜樂時代影城,20250508,13:20,怪獸8號：Mission Recon
t02a09,喜樂時代影城,20250508,15:40,怪獸8號：Mission Recon
t02a09,喜樂時代影城,20250508,17:45,怪獸8號：Mission Recon
t02a09,喜樂時代影城,20250508,20:15,怪獸8號：Mission Recon
t02a09,喜樂時代影城,20250508,21:45,怪獸8號：Mission Recon
t02a09,喜樂時代影城,20250508,11:00,藍色太陽宮
t02a09,喜樂時代影城,20250508,15:05,藍色太陽宮
t02a09,喜樂時代影城,20250508,19:30,藍色太陽宮
t02a09,喜樂時代影城,20250508,11:00,會計師2
t02a09,喜樂時代影城,20250508,13:30,會計師2
t02a09,喜樂時代影城,20250508,15:20,會計師2
t02a09,喜樂時代影城,20250508,16:05,會計師2
t02a09,喜樂時代影城,20250508,18:40,會計師2
t02a09,喜樂時代影城,20250508,20:00,會計師2
t02a09,喜樂時代影城,20250508,21:15,會計師2
t02a09,喜樂時代影城,20250508,22:30,會計師2
t02a09,喜樂時代影城,20250508,15:25,直到黎明
t02a09,喜樂時代影城,20250508,20:30,直到黎明
t02a09,喜樂時代影城,20250508,22:30,直到黎明
t02a09,喜樂時代影城,20250508,13:30,喬王出任務
t02a09,喜樂時代影城,20250508,17:45,喬王出任務
t02a09,喜樂時代影城,20250508,20:00,鬼房客
t02a09,喜樂時代影城,20250508,11:00,小王子
t02a09,喜樂時代影城,20250508,17:05,小王子
t02a09,喜樂時代影城,20250508,11:45,取精急轉彎
t02a09,喜樂時代影城,20250508,13:20,取精急轉彎
t02a09,喜樂時代影城,20250508,16:30,取精急轉彎
t02a09,喜樂時代影城,20250508,19:00,取精急轉彎
t02a09,喜樂時代影城,20250508,20:45,取精急轉彎
t02a09,喜樂時代影城,20250508,21:45,取精急轉彎
t02a09,喜樂時代影城,20250508,11:00,北極小迷狐：吉娜&尤克
t02a09,喜樂時代影城,20250508,12:35,沈睡的水下巨人
t02a09,喜樂時代影城,20250508,18:10,沈睡的水下巨人
t02a09,喜樂時代影城,20250508,14:10,罪人
t02a09,喜樂時代影城,20250508,16:50,罪人
t02a09,喜樂時代影城,20250508,19:45,罪人
t02a09,喜樂時代影城,20250508,22:20,罪人
t02a09,喜樂時代影城,20250508,21:45,犯罪直播
t02a09,喜樂時代影城,20250508,13:05,萬王之王
t02a09,喜樂時代影城,20250508,19:10,萬王之王
t02a09,喜樂時代影城,20250508,11:25,萬王之王
t02a09,喜樂時代影城,20250508,15:00,萬王之王
t02a09,喜樂時代影城,20250508,17:00,萬王之王
t02a09,喜樂時代影城,20250508,12:00,刺心切骨
t02a09,喜樂時代影城,20250508,11:25,銀魂劇場版2D 金魂篇
t02a09,喜樂時代影城,20250508,14:10,器子
t02a09,喜樂時代影城,20250508,19:30,器子
t02a09,喜樂時代影城,20250508,21:40,器子
t02a09,喜樂時代影城,20250508,22:30,器子
t02a09,喜樂時代影城,20250508,11:25,叛逃公主歷險記
t02a09,喜樂時代影城,20250508,11:00,MINECRAFT麥塊電影
t02a09,喜樂時代影城,20250508,11:55,MINECRAFT麥塊電影
t02a09,喜樂時代影城,20250508,13:15,MINECRAFT麥塊電影
t02a09,喜樂時代影城,20250508,14:25,MINECRAFT麥塊電影
t02a09,喜樂時代影城,20250508,15:15,MINECRAFT麥塊電影
t02a09,喜樂時代影城,20250508,17:15,MINECRAFT麥塊電影
t02a09,喜樂時代影城,20250508,18:30,MINECRAFT麥塊電影
t02a09,喜樂時代影城,20250508,19:15,MINECRAFT麥塊電影
t02a09,喜樂時代影城,20250508,20:20,MINECRAFT麥塊電影
t02a09,喜樂時代影城,20250508,21:15,MINECRAFT麥塊電影
t02a09,喜樂時代影城,20250508,11:00,有病才會喜歡你
t02a09,喜樂時代影城,20250508,13:05,有病才會喜歡你
t02a09,喜樂時代影城,20250508,15:15,有病才會喜歡你
t02a09,喜樂時代影城,20250508,17:25,有病才會喜歡你
t02a09,喜樂時代影城,20250508,19:35,有病才會喜歡你
t02a09,喜樂時代影城,20250508,21:45,有病才會喜歡你
t02a09,喜樂時代影城,20250508,13:30,GIVEN被贈與的未來劇場版：去海邊
t02a09,喜樂時代影城,20250508,17:40,GIVEN被贈與的未來劇場版：去海邊
t02a09,喜樂時代影城,20250508,16:20,我在平行時空戀上妳
t02a09,喜樂時代影城,20250508,20:20,我在平行時空戀上妳
t02a09,喜樂時代影城,20250508,17:20,劇場版 世界計畫 崩壞的世界與無法歌唱的初音未來
t02a09,喜樂時代影城,20250508,16:45,警上添花
t02a09,喜樂時代影城,20250508,12:00,青春末世物語
t02a09,喜樂時代影城,20250508,16:20,天氣之子
t02a09,喜樂時代影城,20250508,11:45,封神第二部：戰火西岐
t02a09,喜樂時代影城,20250508,15:25,喵的奇幻漂流
t02a09,喜樂時代影城,20250508,13:10,366日
t02a09,喜樂時代影城,20250508,21:15,重裝制裁
t02a09,喜樂時代影城,20250508,17:25,白雪公主
t02a09,喜樂時代影城,20250508,13:15,型男主廚三星夢：巴黎篇
t02a09,喜樂時代影城,20250508,21:05,型男主廚三星夢：巴黎篇
t02a09,喜樂時代影城,20250508,20:30,秘密會議
t02a09,喜樂時代影城,20250508,14:10,咒術屍戰
t02a11,MUVIE CINEMAS台北松仁威秀,20250508,11:30,雷霆特攻隊
t02a11,MUVIE CINEMAS台北松仁威秀,20250508,12:30,雷霆特攻隊
t02a11,MUVIE CINEMAS台北松仁威秀,20250508,15:00,雷霆特攻隊
t02a11,MUVIE CINEMAS台北松仁威秀,20250508,16:45,雷霆特攻隊
t02a11,MUVIE CINEMAS台北松仁威秀,20250508,19:00,雷霆特攻隊
t02a11,MUVIE CINEMAS台北松仁威秀,20250508,20:00,雷霆特攻隊
t02a11,MUVIE CINEMAS台北松仁威秀,20250508,22:30,雷霆特攻隊
t02a11,MUVIE CINEMAS台北松仁威秀,20250508,17:30,雷霆特攻隊
t02a11,MUVIE CINEMAS台北松仁威秀,20250508,11:00,聖夜：惡魔都市
t02a11,MUVIE CINEMAS台北松仁威秀,20250508,16:30,聖夜：惡魔都市
t02a11,MUVIE CINEMAS台北松仁威秀,20250508,20:20,聖夜：惡魔都市
t02a11,MUVIE CINEMAS台北松仁威秀,20250508,22:10,聖夜：惡魔都市
t02a11,MUVIE CINEMAS台北松仁威秀,20250508,14:35,夏日最後的祕密
t02a11,MUVIE CINEMAS台北松仁威秀,20250508,16:50,夏日最後的祕密
t02a11,MUVIE CINEMAS台北松仁威秀,20250508,19:15,夏日最後的祕密
t02a11,MUVIE CINEMAS台北松仁威秀,20250508,21:30,夏日最後的祕密
t02a11,MUVIE CINEMAS台北松仁威秀,20250508,11:40,會計師2
t02a11,MUVIE CINEMAS台北松仁威秀,20250508,14:10,會計師2
t02a11,MUVIE CINEMAS台北松仁威秀,20250508,19:10,會計師2
t02a11,MUVIE CINEMAS台北松仁威秀,20250508,21:50,會計師2
t02a11,MUVIE CINEMAS台北松仁威秀,20250508,15:15,罪人
t02a11,MUVIE CINEMAS台北松仁威秀,20250508,19:50,罪人
t02a11,MUVIE CINEMAS台北松仁威秀,20250508,22:25,罪人
t02a11,MUVIE CINEMAS台北松仁威秀,20250508,11:05,MINECRAFT麥塊電影
t02a11,MUVIE CINEMAS台北松仁威秀,20250508,14:30,MINECRAFT麥塊電影
t02a11,MUVIE CINEMAS台北松仁威秀,20250508,18:20,MINECRAFT麥塊電影
t02a11,MUVIE CINEMAS台北松仁威秀,20250508,17:50,直到黎明
t02a11,MUVIE CINEMAS台北松仁威秀,20250508,21:25,直到黎明
t02a11,MUVIE CINEMAS台北松仁威秀,20250508,14:45,復仇反擊戰
t02a11,MUVIE CINEMAS台北松仁威秀,20250508,17:10,器子
t02a11,MUVIE CINEMAS台北松仁威秀,20250508,12:50,GIVEN被贈與的未來劇場版：去海邊
t02a11,MUVIE CINEMAS台北松仁威秀,20250508,12:20,秘密會議
t02a11,MUVIE CINEMAS台北松仁威秀,20250508,13:05,有病才會喜歡你
t02a11,MUVIE CINEMAS台北松仁威秀,20250508,12:30,雷霆特攻隊
t02a11,MUVIE CINEMAS台北松仁威秀,20250508,19:10,雷霆特攻隊
t02a11,MUVIE CINEMAS台北松仁威秀,20250508,15:40,會計師2
t02a11,MUVIE CINEMAS台北松仁威秀,20250508,22:30,會計師2
t02a11,MUVIE CINEMAS台北松仁威秀,20250508,14:00,雷霆特攻隊
t02a11,MUVIE CINEMAS台北松仁威秀,20250508,21:40,雷霆特攻隊
t02a11,MUVIE CINEMAS台北松仁威秀,20250508,16:25,會計師2
t02a11,MUVIE CINEMAS台北松仁威秀,20250508,11:20,罪人
t02a05,總督影城,20250508,14:30,雷霆特攻隊
t02a05,總督影城,20250508,16:45,雷霆特攻隊
t02a05,總督影城,20250508,19:00,雷霆特攻隊
t02a05,總督影城,20250508,14:30,會計師2
t02a05,總督影城,20250508,19:00,會計師2
t02a05,總督影城,20250508,16:50,直到黎明
t02a06,哈拉影城,20250508,09:50,雷霆特攻隊
t02a06,哈拉影城,20250508,10:30,雷霆特攻隊
t02a06,哈拉影城,20250508,13:00,雷霆特攻隊
t02a06,哈拉影城,20250508,14:00,雷霆特攻隊
t02a06,哈拉影城,20250508,14:50,雷霆特攻隊
t02a06,哈拉影城,20250508,15:45,雷霆特攻隊
t02a06,哈拉影城,20250508,16:30,雷霆特攻隊
t02a06,哈拉影城,20250508,17:20,雷霆特攻隊
t02a06,哈拉影城,20250508,18:10,雷霆特攻隊
t02a06,哈拉影城,20250508,19:00,雷霆特攻隊
t02a06,哈拉影城,20250508,19:50,雷霆特攻隊
t02a06,哈拉影城,20250508,20:30,雷霆特攻隊
t02a06,哈拉影城,20250508,22:20,雷霆特攻隊
t02a06,哈拉影城,20250508,10:00,聖夜：惡魔都市
t02a06,哈拉影城,20250508,13:40,聖夜：惡魔都市
t02a06,哈拉影城,20250508,15:30,聖夜：惡魔都市
t02a06,哈拉影城,20250508,17:20,聖夜：惡魔都市
t02a06,哈拉影城,20250508,19:15,聖夜：惡魔都市
t02a06,哈拉影城,20250508,22:20,聖夜：惡魔都市
t02a06,哈拉影城,20250508,14:00,夏日最後的祕密
t02a06,哈拉影城,20250508,16:15,夏日最後的祕密
t02a06,哈拉影城,20250508,20:10,夏日最後的祕密
t02a06,哈拉影城,20250508,21:30,夏日最後的祕密
t02a06,哈拉影城,20250508,11:00,怪獸8號：Mission Recon
t02a06,哈拉影城,20250508,15:15,怪獸8號：Mission Recon
t02a06,哈拉影城,20250508,19:30,怪獸8號：Mission Recon
t02a06,哈拉影城,20250508,21:50,怪獸8號：Mission Recon
t02a06,哈拉影城,20250508,09:50,看我今天怎麼說
t02a06,哈拉影城,20250508,10:10,會計師2
t02a06,哈拉影城,20250508,12:45,會計師2
t02a06,哈拉影城,20250508,15:15,會計師2
t02a06,哈拉影城,20250508,17:45,會計師2
t02a06,哈拉影城,20250508,20:20,會計師2
t02a06,哈拉影城,20250508,22:50,會計師2
t02a06,哈拉影城,20250508,12:30,直到黎明
t02a06,哈拉影城,20250508,18:30,直到黎明
t02a06,哈拉影城,20250508,22:30,直到黎明
t02a06,哈拉影城,20250508,18:30,取精急轉彎
t02a06,哈拉影城,20250508,21:15,取精急轉彎
t02a06,哈拉影城,20250508,22:50,取精急轉彎
t02a06,哈拉影城,20250508,11:50,北極小迷狐：吉娜&尤克
t02a06,哈拉影城,20250508,12:15,罪人
t02a06,哈拉影城,20250508,22:50,罪人
t02a06,哈拉影城,20250508,16:30,萬王之王
t02a06,哈拉影城,20250508,13:20,MINECRAFT麥塊電影
t02a06,哈拉影城,20250508,17:30,MINECRAFT麥塊電影
t02a06,哈拉影城,20250508,20:30,MINECRAFT麥塊電影
t02a06,哈拉影城,20250508,10:10,有病才會喜歡你
t02a06,哈拉影城,20250508,12:15,GIVEN被贈與的未來劇場版：去海邊
t02a06,哈拉影城,20250508,11:30,劇場版 世界計畫 崩壞的世界與無法歌唱的初音未來
t02a06,哈拉影城,20250508,09:50,喵的奇幻漂流
t02b05,台北新光影城,20250508,14:10,雷霆特攻隊
t02b05,台北新光影城,20250508,16:35,雷霆特攻隊
t02b05,台北新光影城,20250508,19:00,雷霆特攻隊
t02b05,台北新光影城,20250508,14:15,會計師2
t02b05,台北新光影城,20250508,16:50,會計師2
t02b05,台北新光影城,20250508,18:40,會計師2
t02b05,台北新光影城,20250508,14:40,取精急轉彎
t02b05,台北新光影城,20250508,19:20,取精急轉彎
t02b05,台北新光影城,20250508,16:25,有病才會喜歡你
t02b03,樂聲影城,20250508,09:35,雷霆特攻隊
t02b03,樂聲影城,20250508,12:05,雷霆特攻隊
t02b03,樂聲影城,20250508,14:30,雷霆特攻隊
t02b03,樂聲影城,20250508,16:55,雷霆特攻隊
t02b03,樂聲影城,20250508,19:20,雷霆特攻隊
t02b03,樂聲影城,20250508,21:45,雷霆特攻隊
t02b03,樂聲影城,20250508,00:10,雷霆特攻隊
t02b03,樂聲影城,20250508,02:00,雷霆特攻隊
t02b03,樂聲影城,20250508,03:45,雷霆特攻隊
t02b03,樂聲影城,20250508,10:20,聖夜：惡魔都市
t02b03,樂聲影城,20250508,12:00,聖夜：惡魔都市
t02b03,樂聲影城,20250508,13:45,聖夜：惡魔都市
t02b03,樂聲影城,20250508,15:30,聖夜：惡魔都市
t02b03,樂聲影城,20250508,17:15,聖夜：惡魔都市
t02b03,樂聲影城,20250508,19:00,聖夜：惡魔都市
t02b03,樂聲影城,20250508,20:45,聖夜：惡魔都市
t02b03,樂聲影城,20250508,22:30,聖夜：惡魔都市
t02b03,樂聲影城,20250508,00:15,聖夜：惡魔都市
t02b03,樂聲影城,20250508,02:00,聖夜：惡魔都市
t02b03,樂聲影城,20250508,03:25,聖夜：惡魔都市
t02b03,樂聲影城,20250508,09:35,花束般的戀愛
t02b03,樂聲影城,20250508,14:20,花束般的戀愛
t02b03,樂聲影城,20250508,16:40,花束般的戀愛
t02b03,樂聲影城,20250508,19:00,花束般的戀愛
t02b03,樂聲影城,20250508,21:20,花束般的戀愛
t02b03,樂聲影城,20250508,23:40,花束般的戀愛
t02b03,樂聲影城,20250508,09:35,會計師2
t02b03,樂聲影城,20250508,13:50,會計師2
t02b03,樂聲影城,20250508,16:15,會計師2
t02b03,樂聲影城,20250508,20:50,會計師2
t02b03,樂聲影城,20250508,01:00,會計師2
t02b03,樂聲影城,20250508,17:30,喬王出任務
t02b03,樂聲影城,20250508,15:45,鬼房客
t02b03,樂聲影城,20250508,21:45,鬼房客
t02b03,樂聲影城,20250508,23:30,鬼房客
t02b03,樂聲影城,20250508,03:00,鬼房客
t02b03,樂聲影城,20250508,23:15,鬼迷藏
t02b03,樂聲影城,20250508,01:15,鬼迷藏
t02b03,樂聲影城,20250508,13:50,萬王之王
t02b03,樂聲影城,20250508,12:10,MINECRAFT麥塊電影
t02b03,樂聲影城,20250508,19:30,鬼才要回家
t02b03,樂聲影城,20250508,11:55,天氣之子
t02b03,樂聲影城,20250508,18:40,重裝制裁
t02b03,樂聲影城,20250508,12:00,喜幹會
t02b14,台北京站威秀,20250508,11:00,雷霆特攻隊
t02b14,台北京站威秀,20250508,12:35,雷霆特攻隊
t02b14,台北京站威秀,20250508,13:25,雷霆特攻隊
t02b14,台北京站威秀,20250508,14:10,雷霆特攻隊
t02b14,台北京站威秀,20250508,15:50,雷霆特攻隊
t02b14,台北京站威秀,20250508,16:35,雷霆特攻隊
t02b14,台北京站威秀,20250508,17:25,雷霆特攻隊
t02b14,台北京站威秀,20250508,18:15,雷霆特攻隊
t02b14,台北京站威秀,20250508,20:40,雷霆特攻隊
t02b14,台北京站威秀,20250508,21:30,雷霆特攻隊
t02b14,台北京站威秀,20250508,22:15,雷霆特攻隊
t02b14,台北京站威秀,20250508,23:05,雷霆特攻隊
t02b14,台北京站威秀,20250508,15:00,雷霆特攻隊
t02b14,台北京站威秀,20250508,19:50,雷霆特攻隊
t02b14,台北京站威秀,20250508,11:10,會計師2
t02b14,台北京站威秀,20250508,13:40,會計師2
t02b14,台北京站威秀,20250508,16:35,會計師2
t02b14,台北京站威秀,20250508,18:00,會計師2
t02b14,台北京站威秀,20250508,20:30,會計師2
t02b14,台北京站威秀,20250508,21:35,會計師2
t02b14,台北京站威秀,20250508,23:00,會計師2
t02b14,台北京站威秀,20250508,12:45,MINECRAFT麥塊電影
t02b14,台北京站威秀,20250508,15:00,MINECRAFT麥塊電影
t02b14,台北京站威秀,20250508,17:00,MINECRAFT麥塊電影
t02b14,台北京站威秀,20250508,20:55,MINECRAFT麥塊電影
t02b14,台北京站威秀,20250508,11:15,聖夜：惡魔都市
t02b14,台北京站威秀,20250508,14:45,聖夜：惡魔都市
t02b14,台北京站威秀,20250508,19:05,聖夜：惡魔都市
t02b14,台北京站威秀,20250508,22:55,聖夜：惡魔都市
t02b14,台北京站威秀,20250508,13:15,夏日最後的祕密
t02b14,台北京站威秀,20250508,17:35,夏日最後的祕密
t02b14,台北京站威秀,20250508,19:50,夏日最後的祕密
t02b14,台北京站威秀,20250508,22:00,夏日最後的祕密
t02b14,台北京站威秀,20250508,11:05,GIVEN被贈與的未來劇場版：去海邊
t02b14,台北京站威秀,20250508,13:05,GIVEN被贈與的未來劇場版：去海邊
t02b14,台北京站威秀,20250508,17:20,GIVEN被贈與的未來劇場版：去海邊
t02b14,台北京站威秀,20250508,11:50,怪獸8號：Mission Recon
t02b14,台北京站威秀,20250508,15:40,怪獸8號：Mission Recon
t02b14,台北京站威秀,20250508,20:10,怪獸8號：Mission Recon
t02b14,台北京站威秀,20250508,14:45,罪人
t02b14,台北京站威秀,20250508,19:00,罪人
t02b14,台北京站威秀,20250508,22:30,罪人
t02b14,台北京站威秀,20250508,11:05,有病才會喜歡你
t02b14,台北京站威秀,20250508,15:25,有病才會喜歡你
t02b14,台北京站威秀,20250508,20:45,有病才會喜歡你
t02b14,台北京站威秀,20250508,11:20,學姊是男孩劇場版：雨後天晴
t02b14,台北京站威秀,20250508,19:05,學姊是男孩劇場版：雨後天晴
t02b14,台北京站威秀,20250508,13:00,直到黎明
t02b14,台北京站威秀,20250508,22:55,直到黎明
t02b14,台北京站威秀,20250508,16:10,沈睡的水下巨人
t02b14,台北京站威秀,20250508,11:20,劇場版 世界計畫 崩壞的世界與無法歌唱的初音未來
t02b14,台北京站威秀,20250508,13:30,銀魂劇場版2D 金魂篇
t02b14,台北京站威秀,20250508,18:00,器子
t02b12,in89豪華數位影城,20250508,10:40,雷霆特攻隊
t02b12,in89豪華數位影城,20250508,13:00,雷霆特攻隊
t02b12,in89豪華數位影城,20250508,13:30,雷霆特攻隊
t02b12,in89豪華數位影城,20250508,14:10,雷霆特攻隊
t02b12,in89豪華數位影城,20250508,15:20,雷霆特攻隊
t02b12,in89豪華數位影城,20250508,15:50,雷霆特攻隊
t02b12,in89豪華數位影城,20250508,16:30,雷霆特攻隊
t02b12,in89豪華數位影城,20250508,17:40,雷霆特攻隊
t02b12,in89豪華數位影城,20250508,20:00,雷霆特攻隊
t02b12,in89豪華數位影城,20250508,21:10,雷霆特攻隊
t02b12,in89豪華數位影城,20250508,22:20,雷霆特攻隊
t02b12,in89豪華數位影城,20250508,23:00,雷霆特攻隊
t02b12,in89豪華數位影城,20250508,10:00,雷霆特攻隊
t02b12,in89豪華數位影城,20250508,14:40,雷霆特攻隊
t02b12,in89豪華數位影城,20250508,17:00,雷霆特攻隊
t02b12,in89豪華數位影城,20250508,19:20,雷霆特攻隊
t02b12,in89豪華數位影城,20250508,21:40,雷霆特攻隊
t02b12,in89豪華數位影城,20250508,12:20,雷霆特攻隊
t02b12,in89豪華數位影城,20250508,18:10,雷霆特攻隊
t02b12,in89豪華數位影城,20250508,10:00,聖夜：惡魔都市
t02b12,in89豪華數位影城,20250508,12:00,聖夜：惡魔都市
t02b12,in89豪華數位影城,20250508,13:50,聖夜：惡魔都市
t02b12,in89豪華數位影城,20250508,15:40,聖夜：惡魔都市
t02b12,in89豪華數位影城,20250508,17:30,聖夜：惡魔都市
t02b12,in89豪華數位影城,20250508,19:20,聖夜：惡魔都市
t02b12,in89豪華數位影城,20250508,21:10,聖夜：惡魔都市
t02b12,in89豪華數位影城,20250508,23:00,聖夜：惡魔都市
t02b12,in89豪華數位影城,20250508,12:10,夏日最後的祕密
t02b12,in89豪華數位影城,20250508,14:20,夏日最後的祕密
t02b12,in89豪華數位影城,20250508,16:30,夏日最後的祕密
t02b12,in89豪華數位影城,20250508,20:50,夏日最後的祕密
t02b12,in89豪華數位影城,20250508,17:40,長安三萬里
t02b12,in89豪華數位影城,20250508,10:30,長安三萬里
t02b12,in89豪華數位影城,20250508,10:00,會計師2
t02b12,in89豪華數位影城,20250508,12:30,會計師2
t02b12,in89豪華數位影城,20250508,17:30,會計師2
t02b12,in89豪華數位影城,20250508,20:00,會計師2
t02b12,in89豪華數位影城,20250508,22:30,會計師2
t02b12,in89豪華數位影城,20250508,12:20,直到黎明
t02b12,in89豪華數位影城,20250508,16:20,直到黎明
t02b12,in89豪華數位影城,20250508,20:20,直到黎明
t02b12,in89豪華數位影城,20250508,22:20,直到黎明
t02b12,in89豪華數位影城,20250508,22:50,喬王出任務
t02b12,in89豪華數位影城,20250508,23:00,鬼房客
t02b12,in89豪華數位影城,20250508,10:00,少年與狗
t02b12,in89豪華數位影城,20250508,15:00,罪人
t02b12,in89豪華數位影城,20250508,20:30,罪人
t02b12,in89豪華數位影城,20250508,10:00,有病才會喜歡你
t02b12,in89豪華數位影城,20250508,18:40,有病才會喜歡你
t02b12,in89豪華數位影城,20250508,15:40,萬王之王
t02b12,in89豪華數位影城,20250508,14:20,MINECRAFT麥塊電影
t02b12,in89豪華數位影城,20250508,18:20,MINECRAFT麥塊電影
t02b12,in89豪華數位影城,20250508,13:30,器子
t02b12,in89豪華數位影城,20250508,20:40,器子
t02b12,in89豪華數位影城,20250508,10:00,劇場版 世界計畫 崩壞的世界與無法歌唱的初音未來
t02b07,真善美戲院,20250508,12:15,夏日最後的祕密
t02b07,真善美戲院,20250508,17:15,夏日最後的祕密
t02b07,真善美戲院,20250508,20:50,夏日最後的祕密
t02b07,真善美戲院,20250508,14:15,跳進部落的孩子
t02b07,真善美戲院,20250508,19:15,跳進部落的孩子
t02b07,真善美戲院,20250508,10:30,復活劫
t02b07,真善美戲院,20250508,19:10,復活劫
t02b07,真善美戲院,20250508,16:10,長安三萬里
t02b07,真善美戲院,20250508,15:50,飆風男孩
t02b07,真善美戲院,20250508,12:20,沈睡的水下巨人
t02b07,真善美戲院,20250508,14:00,少年與狗
t02b07,真善美戲院,20250508,10:25,小王子
t02b07,真善美戲院,20250508,20:50,警上添花
t02b01,國賓戲院,20250508,10:30,雷霆特攻隊
t02b01,國賓戲院,20250508,12:50,雷霆特攻隊
t02b01,國賓戲院,20250508,14:30,雷霆特攻隊
t02b01,國賓戲院,20250508,16:50,雷霆特攻隊
t02b01,國賓戲院,20250508,19:10,雷霆特攻隊
t02b01,國賓戲院,20250508,21:30,雷霆特攻隊
t02b01,國賓戲院,20250508,14:00,會計師2
t02b01,國賓戲院,20250508,16:30,會計師2
t02b01,國賓戲院,20250508,19:00,會計師2
t02b01,國賓戲院,20250508,21:30,會計師2
t02b01,國賓戲院,20250508,15:00,罪人
t02b01,國賓戲院,20250508,19:20,罪人
t02b01,國賓戲院,20250508,21:50,罪人
t02b01,國賓戲院,20250508,17:30,MINECRAFT麥塊電影
t02b06,喜樂時代影城西門今日店,20250508,10:30,雷霆特攻隊
t02b06,喜樂時代影城西門今日店,20250508,11:35,雷霆特攻隊
t02b06,喜樂時代影城西門今日店,20250508,12:20,雷霆特攻隊
t02b06,喜樂時代影城西門今日店,20250508,13:00,雷霆特攻隊
t02b06,喜樂時代影城西門今日店,20250508,14:10,雷霆特攻隊
t02b06,喜樂時代影城西門今日店,20250508,15:35,雷霆特攻隊
t02b06,喜樂時代影城西門今日店,20250508,16:40,雷霆特攻隊
t02b06,喜樂時代影城西門今日店,20250508,18:10,雷霆特攻隊
t02b06,喜樂時代影城西門今日店,20250508,19:15,雷霆特攻隊
t02b06,喜樂時代影城西門今日店,20250508,20:45,雷霆特攻隊
t02b06,喜樂時代影城西門今日店,20250508,21:50,雷霆特攻隊
t02b06,喜樂時代影城西門今日店,20250508,10:45,聖夜：惡魔都市
t02b06,喜樂時代影城西門今日店,20250508,14:55,聖夜：惡魔都市
t02b06,喜樂時代影城西門今日店,20250508,16:55,聖夜：惡魔都市
t02b06,喜樂時代影城西門今日店,20250508,18:30,聖夜：惡魔都市
t02b06,喜樂時代影城西門今日店,20250508,21:20,聖夜：惡魔都市
t02b06,喜樂時代影城西門今日店,20250508,12:35,夏日最後的祕密
t02b06,喜樂時代影城西門今日店,20250508,14:50,夏日最後的祕密
t02b06,喜樂時代影城西門今日店,20250508,17:10,夏日最後的祕密
t02b06,喜樂時代影城西門今日店,20250508,19:30,夏日最後的祕密
t02b06,喜樂時代影城西門今日店,20250508,10:35,看我今天怎麼說
t02b06,喜樂時代影城西門今日店,20250508,14:45,看我今天怎麼說
t02b06,喜樂時代影城西門今日店,20250508,20:30,看我今天怎麼說
t02b06,喜樂時代影城西門今日店,20250508,10:25,跳進部落的孩子
t02b06,喜樂時代影城西門今日店,20250508,17:20,跳進部落的孩子
t02b06,喜樂時代影城西門今日店,20250508,20:20,長安三萬里
t02b06,喜樂時代影城西門今日店,20250508,15:15,長安三萬里
t02b06,喜樂時代影城西門今日店,20250508,17:55,花束般的戀愛
t02b06,喜樂時代影城西門今日店,20250508,13:10,復活劫
t02b06,喜樂時代影城西門今日店,20250508,13:00,飆風男孩
t02b06,喜樂時代影城西門今日店,20250508,10:30,怪獸8號：Mission Recon
t02b06,喜樂時代影城西門今日店,20250508,14:30,怪獸8號：Mission Recon
t02b06,喜樂時代影城西門今日店,20250508,18:55,怪獸8號：Mission Recon
t02b06,喜樂時代影城西門今日店,20250508,10:25,會計師2
t02b06,喜樂時代影城西門今日店,20250508,14:45,會計師2
t02b06,喜樂時代影城西門今日店,20250508,17:25,會計師2
t02b06,喜樂時代影城西門今日店,20250508,20:00,會計師2
t02b06,喜樂時代影城西門今日店,20250508,21:10,會計師2
t02b06,喜樂時代影城西門今日店,20250508,13:10,直到黎明
t02b06,喜樂時代影城西門今日店,20250508,21:25,直到黎明
t02b06,喜樂時代影城西門今日店,20250508,12:35,喬王出任務
t02b06,喜樂時代影城西門今日店,20250508,12:40,小王子
t02b06,喜樂時代影城西門今日店,20250508,16:50,少年與狗
t02b06,喜樂時代影城西門今日店,20250508,12:50,取精急轉彎
t02b06,喜樂時代影城西門今日店,20250508,19:20,取精急轉彎
t02b06,喜樂時代影城西門今日店,20250508,10:30,罪人
t02b06,喜樂時代影城西門今日店,20250508,15:15,罪人
t02b06,喜樂時代影城西門今日店,20250508,21:50,罪人
t02b06,喜樂時代影城西門今日店,20250508,19:15,器子
t02b06,喜樂時代影城西門今日店,20250508,10:30,MINECRAFT麥塊電影
t02b06,喜樂時代影城西門今日店,20250508,17:10,MINECRAFT麥塊電影
t02b06,喜樂時代影城西門今日店,20250508,10:25,有病才會喜歡你
t02b06,喜樂時代影城西門今日店,20250508,14:55,有病才會喜歡你
t02b06,喜樂時代影城西門今日店,20250508,22:05,有病才會喜歡你
t02b08,台北西門威秀影城,20250508,10:55,雷霆特攻隊
t02b08,台北西門威秀影城,20250508,11:45,雷霆特攻隊
t02b08,台北西門威秀影城,20250508,12:30,雷霆特攻隊
t02b08,台北西門威秀影城,20250508,13:20,雷霆特攻隊
t02b08,台北西門威秀影城,20250508,14:10,雷霆特攻隊
t02b08,台北西門威秀影城,20250508,14:55,雷霆特攻隊
t02b08,台北西門威秀影城,20250508,15:45,雷霆特攻隊
t02b08,台北西門威秀影城,20250508,16:35,雷霆特攻隊
t02b08,台北西門威秀影城,20250508,17:20,雷霆特攻隊
t02b08,台北西門威秀影城,20250508,19:00,雷霆特攻隊
t02b08,台北西門威秀影城,20250508,21:25,雷霆特攻隊
t02b08,台北西門威秀影城,20250508,22:10,雷霆特攻隊
t02b08,台北西門威秀影城,20250508,10:30,夏日最後的祕密
t02b08,台北西門威秀影城,20250508,12:40,夏日最後的祕密
t02b08,台北西門威秀影城,20250508,14:50,夏日最後的祕密
t02b08,台北西門威秀影城,20250508,17:00,夏日最後的祕密
t02b08,台北西門威秀影城,20250508,19:50,夏日最後的祕密
t02b08,台北西門威秀影城,20250508,21:50,夏日最後的祕密
t02b08,台北西門威秀影城,20250508,13:00,取精急轉彎
t02b08,台北西門威秀影城,20250508,14:40,取精急轉彎
t02b08,台北西門威秀影城,20250508,16:20,取精急轉彎
t02b08,台北西門威秀影城,20250508,18:00,取精急轉彎
t02b08,台北西門威秀影城,20250508,19:40,取精急轉彎
t02b08,台北西門威秀影城,20250508,22:10,取精急轉彎
t02b08,台北西門威秀影城,20250508,10:30,怪獸8號：Mission Recon
t02b08,台北西門威秀影城,20250508,14:30,怪獸8號：Mission Recon
t02b08,台北西門威秀影城,20250508,16:50,怪獸8號：Mission Recon
t02b08,台北西門威秀影城,20250508,19:10,怪獸8號：Mission Recon
t02b08,台北西門威秀影城,20250508,21:30,怪獸8號：Mission Recon
t02b08,台北西門威秀影城,20250508,10:40,有病才會喜歡你
t02b08,台北西門威秀影城,20250508,14:50,有病才會喜歡你
t02b08,台北西門威秀影城,20250508,17:00,有病才會喜歡你
t02b08,台北西門威秀影城,20250508,19:50,有病才會喜歡你
t02b08,台北西門威秀影城,20250508,10:30,會計師2
t02b08,台北西門威秀影城,20250508,14:15,會計師2
t02b08,台北西門威秀影城,20250508,19:25,會計師2
t02b08,台北西門威秀影城,20250508,22:00,會計師2
t02b08,台北西門威秀影城,20250508,10:40,聖夜：惡魔都市
t02b08,台北西門威秀影城,20250508,14:50,聖夜：惡魔都市
t02b08,台北西門威秀影城,20250508,19:20,聖夜：惡魔都市
t02b08,台北西門威秀影城,20250508,21:20,聖夜：惡魔都市
t02b08,台北西門威秀影城,20250508,10:30,MINECRAFT麥塊電影
t02b08,台北西門威秀影城,20250508,22:00,MINECRAFT麥塊電影
t02b08,台北西門威秀影城,20250508,12:50,GIVEN被贈與的未來劇場版：去海邊
t02b08,台北西門威秀影城,20250508,18:10,GIVEN被贈與的未來劇場版：去海邊
t02b08,台北西門威秀影城,20250508,12:50,直到黎明
t02b08,台北西門威秀影城,20250508,21:20,直到黎明
t02b08,台北西門威秀影城,20250508,12:30,花束般的戀愛
t02b08,台北西門威秀影城,20250508,16:50,花束般的戀愛
t02b08,台北西門威秀影城,20250508,10:30,銀魂劇場版2D 金魂篇
t02b08,台北西門威秀影城,20250508,12:30,鬼房客
t02b08,台北西門威秀影城,20250508,16:50,劇場版 世界計畫 崩壞的世界與無法歌唱的初音未來
t02c01,百老匯影城公館店,20250508,10:00,雷霆特攻隊
t02c01,百老匯影城公館店,20250508,11:30,雷霆特攻隊
t02c01,百老匯影城公館店,20250508,12:25,雷霆特攻隊
t02c01,百老匯影城公館店,20250508,14:00,雷霆特攻隊
t02c01,百老匯影城公館店,20250508,14:50,雷霆特攻隊
t02c01,百老匯影城公館店,20250508,16:25,雷霆特攻隊
t02c01,百老匯影城公館店,20250508,17:15,雷霆特攻隊
t02c01,百老匯影城公館店,20250508,19:40,雷霆特攻隊
t02c01,百老匯影城公館店,20250508,11:00,雷霆特攻隊
t02c01,百老匯影城公館店,20250508,13:25,雷霆特攻隊
t02c01,百老匯影城公館店,20250508,15:50,雷霆特攻隊
t02c01,百老匯影城公館店,20250508,18:15,雷霆特攻隊
t02c01,百老匯影城公館店,20250508,19:00,雷霆特攻隊
t02c01,百老匯影城公館店,20250508,20:40,雷霆特攻隊
t02c01,百老匯影城公館店,20250508,21:25,雷霆特攻隊
t02c01,百老匯影城公館店,20250508,11:10,聖夜：惡魔都市
t02c01,百老匯影城公館店,20250508,13:00,聖夜：惡魔都市
t02c01,百老匯影城公館店,20250508,14:50,聖夜：惡魔都市
t02c01,百老匯影城公館店,20250508,16:40,聖夜：惡魔都市
t02c01,百老匯影城公館店,20250508,17:10,聖夜：惡魔都市
t02c01,百老匯影城公館店,20250508,18:30,聖夜：惡魔都市
t02c01,百老匯影城公館店,20250508,20:20,聖夜：惡魔都市
t02c01,百老匯影城公館店,20250508,21:10,聖夜：惡魔都市
t02c01,百老匯影城公館店,20250508,13:00,怪獸8號：Mission Recon
t02c01,百老匯影城公館店,20250508,15:00,怪獸8號：Mission Recon
t02c01,百老匯影城公館店,20250508,17:15,怪獸8號：Mission Recon
t02c01,百老匯影城公館店,20250508,19:00,怪獸8號：Mission Recon
t02c01,百老匯影城公館店,20250508,21:15,怪獸8號：Mission Recon
t02c01,百老匯影城公館店,20250508,13:00,夏日最後的祕密
t02c01,百老匯影城公館店,20250508,13:00,夏日最後的祕密
t02c01,百老匯影城公館店,20250508,15:10,夏日最後的祕密
t02c01,百老匯影城公館店,20250508,15:30,夏日最後的祕密
t02c01,百老匯影城公館店,20250508,18:00,夏日最後的祕密
t02c01,百老匯影城公館店,20250508,19:20,夏日最後的祕密
t02c01,百老匯影城公館店,20250508,20:30,夏日最後的祕密
t02c01,百老匯影城公館店,20250508,21:30,夏日最後的祕密
t02c01,百老匯影城公館店,20250508,10:00,長安三萬里
t02c01,百老匯影城公館店,20250508,11:30,會計師2
t02c01,百老匯影城公館店,20250508,14:00,會計師2
t02c01,百老匯影城公館店,20250508,16:30,會計師2
t02c01,百老匯影城公館店,20250508,19:00,會計師2
t02c01,百老匯影城公館店,20250508,21:30,會計師2
t02c01,百老匯影城公館店,20250508,11:00,MINECRAFT麥塊電影
t02c01,百老匯影城公館店,20250508,15:15,MINECRAFT麥塊電影
t02c01,百老匯影城公館店,20250508,19:30,MINECRAFT麥塊電影
t02c01,百老匯影城公館店,20250508,11:00,直到黎明
t02c01,百老匯影城公館店,20250508,13:05,直到黎明
t02c01,百老匯影城公館店,20250508,15:10,直到黎明
t02c01,百老匯影城公館店,20250508,19:20,直到黎明
t02c01,百老匯影城公館店,20250508,21:20,直到黎明
t02c01,百老匯影城公館店,20250508,13:00,喬王出任務
t02c01,百老匯影城公館店,20250508,15:05,喬王出任務
t02c01,百老匯影城公館店,20250508,19:00,喬王出任務
t02c01,百老匯影城公館店,20250508,10:50,有病才會喜歡你
t02c01,百老匯影城公館店,20250508,17:15,有病才會喜歡你
t02c01,百老匯影城公館店,20250508,11:20,北極小迷狐：吉娜&尤克
t02c01,百老匯影城公館店,20250508,17:20,北極小迷狐：吉娜&尤克
t02c01,百老匯影城公館店,20250508,13:05,沈睡的水下巨人
t02c01,百老匯影城公館店,20250508,17:10,沈睡的水下巨人
t02c01,百老匯影城公館店,20250508,10:40,萬王之王
t02c01,百老匯影城公館店,20250508,21:30,罪人
t02d05,美麗華大直,20250508,10:50,雷霆特攻隊
t02d05,美麗華大直,20250508,13:20,雷霆特攻隊
t02d05,美麗華大直,20250508,14:30,雷霆特攻隊
t02d05,美麗華大直,20250508,15:50,雷霆特攻隊
t02d05,美麗華大直,20250508,17:00,雷霆特攻隊
t02d05,美麗華大直,20250508,17:50,雷霆特攻隊
t02d05,美麗華大直,20250508,19:30,雷霆特攻隊
t02d05,美麗華大直,20250508,20:20,雷霆特攻隊
t02d05,美麗華大直,20250508,22:00,雷霆特攻隊
t02d05,美麗華大直,20250508,11:30,雷霆特攻隊
t02d05,美麗華大直,20250508,14:00,雷霆特攻隊
t02d05,美麗華大直,20250508,16:30,雷霆特攻隊
t02d05,美麗華大直,20250508,19:00,雷霆特攻隊
t02d05,美麗華大直,20250508,21:30,雷霆特攻隊
t02d05,美麗華大直,20250508,10:00,雷霆特攻隊
t02d05,美麗華大直,20250508,15:10,雷霆特攻隊
t02d05,美麗華大直,20250508,20:15,雷霆特攻隊
t02d05,美麗華大直,20250508,10:10,聖夜：惡魔都市
t02d05,美麗華大直,20250508,12:10,聖夜：惡魔都市
t02d05,美麗華大直,20250508,15:00,聖夜：惡魔都市
t02d05,美麗華大直,20250508,16:50,聖夜：惡魔都市
t02d05,美麗華大直,20250508,20:10,聖夜：惡魔都市
t02d05,美麗華大直,20250508,23:00,聖夜：惡魔都市
t02d05,美麗華大直,20250508,12:40,夏日最後的祕密
t02d05,美麗華大直,20250508,15:20,夏日最後的祕密
t02d05,美麗華大直,20250508,17:35,夏日最後的祕密
t02d05,美麗華大直,20250508,19:50,夏日最後的祕密
t02d05,美麗華大直,20250508,10:00,怪獸8號：Mission Recon
t02d05,美麗華大直,20250508,13:50,怪獸8號：Mission Recon
t02d05,美麗華大直,20250508,15:40,怪獸8號：Mission Recon
t02d05,美麗華大直,20250508,20:40,怪獸8號：Mission Recon
t02d05,美麗華大直,20250508,10:15,花束般的戀愛
t02d05,美麗華大直,20250508,10:40,會計師2
t02d05,美麗華大直,20250508,14:10,會計師2
t02d05,美麗華大直,20250508,16:45,會計師2
t02d05,美麗華大直,20250508,19:10,會計師2
t02d05,美麗華大直,20250508,21:00,會計師2
t02d05,美麗華大直,20250508,22:10,會計師2
t02d05,美麗華大直,20250508,17:40,會計師2
t02d05,美麗華大直,20250508,18:40,直到黎明
t02d05,美麗華大直,20250508,22:50,直到黎明
t02d05,美麗華大直,20250508,14:00,取精急轉彎
t02d05,美麗華大直,20250508,21:20,取精急轉彎
t02d05,美麗華大直,20250508,23:00,取精急轉彎
t02d05,美麗華大直,20250508,22:00,少年與狗
t02d05,美麗華大直,20250508,10:30,罪人
t02d05,美麗華大直,20250508,18:20,罪人
t02d05,美麗華大直,20250508,12:30,罪人
t02d05,美麗華大直,20250508,22:45,罪人
t02d05,美麗華大直,20250508,10:15,萬王之王
t02d05,美麗華大直,20250508,13:10,萬王之王
t02d05,美麗華大直,20250508,21:50,復仇反擊戰
t02d05,美麗華大直,20250508,12:00,器子
t02d05,美麗華大直,20250508,13:10,MINECRAFT麥塊電影
t02d05,美麗華大直,20250508,15:10,MINECRAFT麥塊電影
t02d05,美麗華大直,20250508,17:10,MINECRAFT麥塊電影
t02d05,美麗華大直,20250508,19:20,MINECRAFT麥塊電影
t02d05,美麗華大直,20250508,10:10,MINECRAFT麥塊電影
t02d05,美麗華大直,20250508,12:20,有病才會喜歡你
t02d05,美麗華大直,20250508,18:00,有病才會喜歡你
t02d05,美麗華大直,20250508,16:10,GIVEN被贈與的未來劇場版：去海邊
t02d05,美麗華大直,20250508,12:15,超人力霸王雅克 THE MOVIE 超次元大決戰！光與暗的雅克
t02d04,台北天母新光影城,20250508,11:30,雷霆特攻隊
t02d04,台北天母新光影城,20250508,12:30,雷霆特攻隊
t02d04,台北天母新光影城,20250508,14:00,雷霆特攻隊
t02d04,台北天母新光影城,20250508,15:00,雷霆特攻隊
t02d04,台北天母新光影城,20250508,16:30,雷霆特攻隊
t02d04,台北天母新光影城,20250508,17:30,雷霆特攻隊
t02d04,台北天母新光影城,20250508,18:05,雷霆特攻隊
t02d04,台北天母新光影城,20250508,19:00,雷霆特攻隊
t02d04,台北天母新光影城,20250508,20:00,雷霆特攻隊
t02d04,台北天母新光影城,20250508,21:25,雷霆特攻隊
t02d04,台北天母新光影城,20250508,21:00,雷霆特攻隊
t02d04,台北天母新光影城,20250508,11:45,聖夜：惡魔都市
t02d04,台北天母新光影城,20250508,13:40,聖夜：惡魔都市
t02d04,台北天母新光影城,20250508,15:35,聖夜：惡魔都市
t02d04,台北天母新光影城,20250508,17:30,聖夜：惡魔都市
t02d04,台北天母新光影城,20250508,19:50,聖夜：惡魔都市
t02d04,台北天母新光影城,20250508,21:40,聖夜：惡魔都市
t02d04,台北天母新光影城,20250508,12:10,夏日最後的祕密
t02d04,台北天母新光影城,20250508,14:25,夏日最後的祕密
t02d04,台北天母新光影城,20250508,19:05,夏日最後的祕密
t02d04,台北天母新光影城,20250508,21:30,夏日最後的祕密
t02d04,台北天母新光影城,20250508,16:40,花束般的戀愛
t02d04,台北天母新光影城,20250508,11:40,會計師2
t02d04,台北天母新光影城,20250508,14:20,會計師2
t02d04,台北天母新光影城,20250508,15:05,會計師2
t02d04,台北天母新光影城,20250508,19:35,會計師2
t02d04,台北天母新光影城,20250508,21:20,會計師2
t02d04,台北天母新光影城,20250508,11:35,直到黎明
t02d04,台北天母新光影城,20250508,17:15,直到黎明
t02d04,台北天母新光影城,20250508,21:45,直到黎明
t02d04,台北天母新光影城,20250508,12:00,罪人
t02d04,台北天母新光影城,20250508,16:55,罪人
t02d04,台北天母新光影城,20250508,13:40,萬王之王
t02d04,台北天母新光影城,20250508,17:50,萬王之王
t02d04,台北天母新光影城,20250508,13:05,MINECRAFT麥塊電影
t02d04,台北天母新光影城,20250508,15:10,MINECRAFT麥塊電影
t02d04,台北天母新光影城,20250508,19:20,MINECRAFT麥塊電影
t02d04,台北天母新光影城,20250508,15:40,有病才會喜歡你
t02d04,台北天母新光影城,20250508,19:25,有病才會喜歡你
t02d03,欣欣秀泰影城,20250508,11:30,雷霆特攻隊
t02d03,欣欣秀泰影城,20250508,12:00,雷霆特攻隊
t02d03,欣欣秀泰影城,20250508,14:05,雷霆特攻隊
t02d03,欣欣秀泰影城,20250508,14:35,雷霆特攻隊
t02d03,欣欣秀泰影城,20250508,16:10,雷霆特攻隊
t02d03,欣欣秀泰影城,20250508,16:40,雷霆特攻隊
t02d03,欣欣秀泰影城,20250508,17:10,雷霆特攻隊
t02d03,欣欣秀泰影城,20250508,17:40,雷霆特攻隊
t02d03,欣欣秀泰影城,20250508,18:45,雷霆特攻隊
t02d03,欣欣秀泰影城,20250508,19:15,雷霆特攻隊
t02d03,欣欣秀泰影城,20250508,19:45,雷霆特攻隊
t02d03,欣欣秀泰影城,20250508,21:20,雷霆特攻隊
t02d03,欣欣秀泰影城,20250508,21:50,雷霆特攻隊
t02d03,欣欣秀泰影城,20250508,22:20,雷霆特攻隊
t02d03,欣欣秀泰影城,20250508,10:30,雷霆特攻隊
t02d03,欣欣秀泰影城,20250508,13:05,雷霆特攻隊
t02d03,欣欣秀泰影城,20250508,15:40,雷霆特攻隊
t02d03,欣欣秀泰影城,20250508,18:15,雷霆特攻隊
t02d03,欣欣秀泰影城,20250508,20:50,雷霆特攻隊
t02d03,欣欣秀泰影城,20250508,23:25,雷霆特攻隊
t02d03,欣欣秀泰影城,20250508,13:30,聖夜：惡魔都市
t02d03,欣欣秀泰影城,20250508,15:30,聖夜：惡魔都市
t02d03,欣欣秀泰影城,20250508,17:30,聖夜：惡魔都市
t02d03,欣欣秀泰影城,20250508,19:30,聖夜：惡魔都市
t02d03,欣欣秀泰影城,20250508,21:30,聖夜：惡魔都市
t02d03,欣欣秀泰影城,20250508,23:30,聖夜：惡魔都市
t02d03,欣欣秀泰影城,20250508,10:30,夏日最後的祕密
t02d03,欣欣秀泰影城,20250508,12:50,夏日最後的祕密
t02d03,欣欣秀泰影城,20250508,15:10,夏日最後的祕密
t02d03,欣欣秀泰影城,20250508,19:40,夏日最後的祕密
t02d03,欣欣秀泰影城,20250508,10:40,怪獸8號：Mission Recon
t02d03,欣欣秀泰影城,20250508,13:05,怪獸8號：Mission Recon
t02d03,欣欣秀泰影城,20250508,18:15,怪獸8號：Mission Recon
t02d03,欣欣秀泰影城,20250508,12:20,看我今天怎麼說
t02d03,欣欣秀泰影城,20250508,16:45,看我今天怎麼說
t02d03,欣欣秀泰影城,20250508,10:40,花束般的戀愛
t02d03,欣欣秀泰影城,20250508,11:00,會計師2
t02d03,欣欣秀泰影城,20250508,13:40,會計師2
t02d03,欣欣秀泰影城,20250508,16:20,會計師2
t02d03,欣欣秀泰影城,20250508,19:00,會計師2
t02d03,欣欣秀泰影城,20250508,21:40,會計師2
t02d03,欣欣秀泰影城,20250508,17:30,直到黎明
t02d03,欣欣秀泰影城,20250508,19:15,直到黎明
t02d03,欣欣秀泰影城,20250508,22:00,直到黎明
t02d03,欣欣秀泰影城,20250508,21:25,喬王出任務
t02d03,欣欣秀泰影城,20250508,21:40,鬼房客
t02d03,欣欣秀泰影城,20250508,13:45,取精急轉彎
t02d03,欣欣秀泰影城,20250508,15:30,取精急轉彎
t02d03,欣欣秀泰影城,20250508,19:40,取精急轉彎
t02d03,欣欣秀泰影城,20250508,13:10,沈睡的水下巨人
t02d03,欣欣秀泰影城,20250508,15:30,罪人
t02d03,欣欣秀泰影城,20250508,23:15,罪人
t02d03,欣欣秀泰影城,20250508,14:55,萬王之王
t02d03,欣欣秀泰影城,20250508,12:50,萬王之王
t02d03,欣欣秀泰影城,20250508,23:00,復仇反擊戰
t02d03,欣欣秀泰影城,20250508,16:00,器子
t02d03,欣欣秀泰影城,20250508,20:45,器子
t02d03,欣欣秀泰影城,20250508,15:05,MINECRAFT麥塊電影
t02d03,欣欣秀泰影城,20250508,19:30,MINECRAFT麥塊電影
t02d03,欣欣秀泰影城,20250508,12:50,有病才會喜歡你
t02d03,欣欣秀泰影城,20250508,17:15,有病才會喜歡你
t02d03,欣欣秀泰影城,20250508,20:15,有病才會喜歡你
t02d03,欣欣秀泰影城,20250508,22:30,有病才會喜歡你
t02d03,欣欣秀泰影城,20250508,17:00,我在平行時空戀上妳
t02d03,欣欣秀泰影城,20250508,15:00,GIVEN被贈與的未來劇場版：去海邊
t02d03,欣欣秀泰影城,20250508,11:20,劇場版 世界計畫 崩壞的世界與無法歌唱的初音未來
t02d03,欣欣秀泰影城,20250508,21:55,封神第二部：戰火西岐
t02d03,欣欣秀泰影城,20250508,11:30,型男主廚三星夢：巴黎篇
t02d03,欣欣秀泰影城,20250508,17:15,秘密會議
t02d02,國賓長春影城,20250508,10:50,雷霆特攻隊
t02d02,國賓長春影城,20250508,11:30,雷霆特攻隊
t02d02,國賓長春影城,20250508,12:20,雷霆特攻隊
t02d02,國賓長春影城,20250508,13:10,雷霆特攻隊
t02d02,國賓長春影城,20250508,13:50,雷霆特攻隊
t02d02,國賓長春影城,20250508,14:40,雷霆特攻隊
t02d02,國賓長春影城,20250508,15:35,雷霆特攻隊
t02d02,國賓長春影城,20250508,16:20,雷霆特攻隊
t02d02,國賓長春影城,20250508,17:10,雷霆特攻隊
t02d02,國賓長春影城,20250508,18:00,雷霆特攻隊
t02d02,國賓長春影城,20250508,18:40,雷霆特攻隊
t02d02,國賓長春影城,20250508,19:10,雷霆特攻隊
t02d02,國賓長春影城,20250508,19:50,雷霆特攻隊
t02d02,國賓長春影城,20250508,20:25,雷霆特攻隊
t02d02,國賓長春影城,20250508,21:00,雷霆特攻隊
t02d02,國賓長春影城,20250508,21:35,雷霆特攻隊
t02d02,國賓長春影城,20250508,22:15,雷霆特攻隊
t02d02,國賓長春影城,20250508,22:50,雷霆特攻隊
t02d02,國賓長春影城,20250508,11:30,聖夜：惡魔都市
t02d02,國賓長春影城,20250508,13:15,聖夜：惡魔都市
t02d02,國賓長春影城,20250508,15:00,聖夜：惡魔都市
t02d02,國賓長春影城,20250508,16:45,聖夜：惡魔都市
t02d02,國賓長春影城,20250508,18:30,聖夜：惡魔都市
t02d02,國賓長春影城,20250508,20:15,聖夜：惡魔都市
t02d02,國賓長春影城,20250508,21:00,聖夜：惡魔都市
t02d02,國賓長春影城,20250508,22:45,聖夜：惡魔都市
t02d02,國賓長春影城,20250508,12:40,夏日最後的祕密
t02d02,國賓長春影城,20250508,16:50,夏日最後的祕密
t02d02,國賓長春影城,20250508,19:00,夏日最後的祕密
t02d02,國賓長春影城,20250508,21:10,夏日最後的祕密
t02d02,國賓長春影城,20250508,13:00,花束般的戀愛
t02d02,國賓長春影城,20250508,15:20,花束般的戀愛
t02d02,國賓長春影城,20250508,19:40,花束般的戀愛
t02d02,國賓長春影城,20250508,22:00,花束般的戀愛
t02d02,國賓長春影城,20250508,15:35,長安三萬里
t02d02,國賓長春影城,20250508,10:50,長安三萬里
t02d02,國賓長春影城,20250508,11:00,怪獸8號：Mission Recon
t02d02,國賓長春影城,20250508,15:20,怪獸8號：Mission Recon
t02d02,國賓長春影城,20250508,19:15,怪獸8號：Mission Recon
t02d02,國賓長春影城,20250508,22:30,怪獸8號：Mission Recon
t02d02,國賓長春影城,20250508,15:10,復活劫
t02d02,國賓長春影城,20250508,19:00,復活劫
t02d02,國賓長春影城,20250508,15:10,看我今天怎麼說
t02d02,國賓長春影城,20250508,20:00,看我今天怎麼說
t02d02,國賓長春影城,20250508,13:50,跳進部落的孩子
t02d02,國賓長春影城,20250508,17:40,跳進部落的孩子
t02d02,國賓長春影城,20250508,11:10,會計師2
t02d02,國賓長春影城,20250508,14:00,會計師2
t02d02,國賓長春影城,20250508,16:30,會計師2
t02d02,國賓長春影城,20250508,19:40,會計師2
t02d02,國賓長春影城,20250508,21:30,會計師2
t02d02,國賓長春影城,20250508,13:15,直到黎明
t02d02,國賓長春影城,20250508,17:00,直到黎明
t02d02,國賓長春影城,20250508,20:50,直到黎明
t02d02,國賓長春影城,20250508,17:35,鬼房客
t02d02,國賓長春影城,20250508,21:35,鬼房客
t02d02,國賓長春影城,20250508,11:10,取精急轉彎
t02d02,國賓長春影城,20250508,15:20,取精急轉彎
t02d02,國賓長春影城,20250508,19:30,取精急轉彎
t02d02,國賓長春影城,20250508,10:50,少年與狗
t02d02,國賓長春影城,20250508,10:50,沈睡的水下巨人
t02d02,國賓長春影城,20250508,12:50,罪人
t02d02,國賓長春影城,20250508,17:00,罪人
t02d02,國賓長春影城,20250508,21:10,罪人
t02d02,國賓長春影城,20250508,15:25,MINECRAFT麥塊電影
t02d02,國賓長春影城,20250508,19:00,MINECRAFT麥塊電影
t02d02,國賓長春影城,20250508,13:15,有病才會喜歡你
t02d02,國賓長春影城,20250508,22:00,有病才會喜歡你
t02d02,國賓長春影城,20250508,14:50,萬王之王
t02d02,國賓長春影城,20250508,17:40,萬王之王
t02d02,國賓長春影城,20250508,21:25,復仇反擊戰
t02d02,國賓長春影城,20250508,22:45,器子
t02d02,國賓長春影城,20250508,13:10,秘密會議
t02d02,國賓長春影城,20250508,17:25,秘密會議
t02d02,國賓長春影城,20250508,22:10,秘密會議
t02d02,國賓長春影城,20250508,13:00,青春末世物語
t02d02,國賓長春影城,20250508,17:40,我在平行時空戀上妳
t02d02,國賓長春影城,20250508,13:20,366日
t02d02,國賓長春影城,20250508,19:30,命中註定那頭鵝
t02d02,國賓長春影城,20250508,16:30,我依然在此
t02d02,國賓長春影城,20250508,14:00,米奇17號
t02d02,國賓長春影城,20250508,15:40,客製化先生
t02d06,美麗新大直皇家影城,20250508,14:00,雷霆特攻隊
t02d06,美麗新大直皇家影城,20250508,14:30,雷霆特攻隊
t02d06,美麗新大直皇家影城,20250508,15:00,雷霆特攻隊
t02d06,美麗新大直皇家影城,20250508,16:30,雷霆特攻隊
t02d06,美麗新大直皇家影城,20250508,17:00,雷霆特攻隊
t02d06,美麗新大直皇家影城,20250508,17:30,雷霆特攻隊
t02d06,美麗新大直皇家影城,20250508,18:20,雷霆特攻隊
t02d06,美麗新大直皇家影城,20250508,19:00,雷霆特攻隊
t02d06,美麗新大直皇家影城,20250508,19:30,雷霆特攻隊
t02d06,美麗新大直皇家影城,20250508,20:00,雷霆特攻隊
t02d06,美麗新大直皇家影城,20250508,21:30,雷霆特攻隊
t02d06,美麗新大直皇家影城,20250508,22:00,雷霆特攻隊
t02d06,美麗新大直皇家影城,20250508,22:30,雷霆特攻隊
t02d06,美麗新大直皇家影城,20250508,14:20,聖夜：惡魔都市
t02d06,美麗新大直皇家影城,20250508,16:20,聖夜：惡魔都市
t02d06,美麗新大直皇家影城,20250508,18:20,聖夜：惡魔都市
t02d06,美麗新大直皇家影城,20250508,20:20,聖夜：惡魔都市
t02d06,美麗新大直皇家影城,20250508,14:40,夏日最後的祕密
t02d06,美麗新大直皇家影城,20250508,17:10,夏日最後的祕密
t02d06,美麗新大直皇家影城,20250508,19:35,夏日最後的祕密
t02d06,美麗新大直皇家影城,20250508,21:55,夏日最後的祕密
t02d06,美麗新大直皇家影城,20250508,14:00,長安三萬里
t02d06,美麗新大直皇家影城,20250508,14:10,會計師2
t02d06,美麗新大直皇家影城,20250508,15:55,會計師2
t02d06,美麗新大直皇家影城,20250508,16:50,會計師2
t02d06,美麗新大直皇家影城,20250508,19:40,會計師2
t02d06,美麗新大直皇家影城,20250508,21:10,會計師2
t02d06,美麗新大直皇家影城,20250508,22:20,會計師2
t02d06,美麗新大直皇家影城,20250508,20:50,喬王出任務
t02d06,美麗新大直皇家影城,20250508,18:45,直到黎明
t02d06,美麗新大直皇家影城,20250508,22:55,直到黎明
t02d06,美麗新大直皇家影城,20250508,16:00,罪人
t02d06,美麗新大直皇家影城,20250508,22:25,罪人
t02d06,美麗新大直皇家影城,20250508,13:55,萬王之王
t02d06,美麗新大直皇家影城,20250508,13:50,MINECRAFT麥塊電影
t02d20,光點台北電影院,20250508,21:00,少年與狗
t02d20,光點台北電影院,20250508,11:00,女警撞到夫
t02d20,光點台北電影院,20250508,19:10,女警撞到夫
t02d20,光點台北電影院,20250508,15:00,犯罪直播
t02d20,光點台北電影院,20250508,12:50,青春末世物語
t02d20,光點台北電影院,20250508,16:55,情書
t02e07,板橋大遠百威秀影城,20250508,11:50,雷霆特攻隊
t02e07,板橋大遠百威秀影城,20250508,13:25,雷霆特攻隊
t02e07,板橋大遠百威秀影城,20250508,14:15,雷霆特攻隊
t02e07,板橋大遠百威秀影城,20250508,15:50,雷霆特攻隊
t02e07,板橋大遠百威秀影城,20250508,16:40,雷霆特攻隊
t02e07,板橋大遠百威秀影城,20250508,18:15,雷霆特攻隊
t02e07,板橋大遠百威秀影城,20250508,19:05,雷霆特攻隊
t02e07,板橋大遠百威秀影城,20250508,20:40,雷霆特攻隊
t02e07,板橋大遠百威秀影城,20250508,21:30,雷霆特攻隊
t02e07,板橋大遠百威秀影城,20250508,12:10,會計師2
t02e07,板橋大遠百威秀影城,20250508,14:40,會計師2
t02e07,板橋大遠百威秀影城,20250508,16:10,會計師2
t02e07,板橋大遠百威秀影城,20250508,17:10,會計師2
t02e07,板橋大遠百威秀影城,20250508,18:40,會計師2
t02e07,板橋大遠百威秀影城,20250508,19:40,會計師2
t02e07,板橋大遠百威秀影城,20250508,21:10,會計師2
t02e07,板橋大遠百威秀影城,20250508,22:10,會計師2
t02e07,板橋大遠百威秀影城,20250508,11:40,罪人
t02e07,板橋大遠百威秀影城,20250508,16:35,罪人
t02e07,板橋大遠百威秀影城,20250508,19:20,罪人
t02e07,板橋大遠百威秀影城,20250508,21:55,罪人
t02e07,板橋大遠百威秀影城,20250508,13:40,聖夜：惡魔都市
t02e07,板橋大遠百威秀影城,20250508,16:55,聖夜：惡魔都市
t02e07,板橋大遠百威秀影城,20250508,20:25,聖夜：惡魔都市
t02e07,板橋大遠百威秀影城,20250508,22:15,聖夜：惡魔都市
t02e07,板橋大遠百威秀影城,20250508,12:05,夏日最後的祕密
t02e07,板橋大遠百威秀影城,20250508,14:20,夏日最後的祕密
t02e07,板橋大遠百威秀影城,20250508,16:30,夏日最後的祕密
t02e07,板橋大遠百威秀影城,20250508,20:55,夏日最後的祕密
t02e07,板橋大遠百威秀影城,20250508,11:40,MINECRAFT麥塊電影
t02e07,板橋大遠百威秀影城,20250508,15:30,MINECRAFT麥塊電影
t02e07,板橋大遠百威秀影城,20250508,20:00,MINECRAFT麥塊電影
t02e07,板橋大遠百威秀影城,20250508,12:20,取精急轉彎
t02e07,板橋大遠百威秀影城,20250508,13:35,取精急轉彎
t02e07,板橋大遠百威秀影城,20250508,18:45,取精急轉彎
t02e07,板橋大遠百威秀影城,20250508,14:25,有病才會喜歡你
t02e07,板橋大遠百威秀影城,20250508,18:45,有病才會喜歡你
t02e07,板橋大遠百威秀影城,20250508,11:45,GIVEN被贈與的未來劇場版：去海邊
t02e07,板橋大遠百威秀影城,20250508,15:15,GIVEN被贈與的未來劇場版：去海邊
t02e07,板橋大遠百威秀影城,20250508,17:30,看我今天怎麼說
t02e07,板橋大遠百威秀影城,20250508,14:05,沈睡的水下巨人
t02e07,板橋大遠百威秀影城,20250508,11:35,直到黎明
t02e07,板橋大遠百威秀影城,20250508,22:05,器子
t02e07,板橋大遠百威秀影城,20250508,12:35,雷霆特攻隊
t02e07,板橋大遠百威秀影城,20250508,15:00,雷霆特攻隊
t02e07,板橋大遠百威秀影城,20250508,17:25,雷霆特攻隊
t02e07,板橋大遠百威秀影城,20250508,19:50,雷霆特攻隊
t02e07,板橋大遠百威秀影城,20250508,22:15,雷霆特攻隊
t02e12,林口三井OUTLET威秀影城,20250508,12:00,雷霆特攻隊
t02e12,林口三井OUTLET威秀影城,20250508,13:35,雷霆特攻隊
t02e12,林口三井OUTLET威秀影城,20250508,14:25,雷霆特攻隊
t02e12,林口三井OUTLET威秀影城,20250508,16:00,雷霆特攻隊
t02e12,林口三井OUTLET威秀影城,20250508,16:50,雷霆特攻隊
t02e12,林口三井OUTLET威秀影城,20250508,18:25,雷霆特攻隊
t02e12,林口三井OUTLET威秀影城,20250508,19:15,雷霆特攻隊
t02e12,林口三井OUTLET威秀影城,20250508,20:50,雷霆特攻隊
t02e12,林口三井OUTLET威秀影城,20250508,21:40,雷霆特攻隊
t02e12,林口三井OUTLET威秀影城,20250508,12:20,會計師2
t02e12,林口三井OUTLET威秀影城,20250508,14:00,會計師2
t02e12,林口三井OUTLET威秀影城,20250508,16:30,會計師2
t02e12,林口三井OUTLET威秀影城,20250508,19:00,會計師2
t02e12,林口三井OUTLET威秀影城,20250508,20:30,會計師2
t02e12,林口三井OUTLET威秀影城,20250508,21:30,會計師2
t02e12,林口三井OUTLET威秀影城,20250508,12:10,聖夜：惡魔都市
t02e12,林口三井OUTLET威秀影城,20250508,14:00,聖夜：惡魔都市
t02e12,林口三井OUTLET威秀影城,20250508,19:40,聖夜：惡魔都市
t02e12,林口三井OUTLET威秀影城,20250508,21:30,聖夜：惡魔都市
t02e12,林口三井OUTLET威秀影城,20250508,12:00,夏日最後的祕密
t02e12,林口三井OUTLET威秀影城,20250508,14:10,夏日最後的祕密
t02e12,林口三井OUTLET威秀影城,20250508,16:20,夏日最後的祕密
t02e12,林口三井OUTLET威秀影城,20250508,19:10,夏日最後的祕密
t02e12,林口三井OUTLET威秀影城,20250508,14:30,MINECRAFT麥塊電影
t02e12,林口三井OUTLET威秀影城,20250508,16:30,MINECRAFT麥塊電影
t02e12,林口三井OUTLET威秀影城,20250508,18:30,MINECRAFT麥塊電影
t02e12,林口三井OUTLET威秀影城,20250508,12:00,GIVEN被贈與的未來劇場版：去海邊
t02e12,林口三井OUTLET威秀影城,20250508,18:00,GIVEN被贈與的未來劇場版：去海邊
t02e12,林口三井OUTLET威秀影城,20250508,12:20,萬王之王
t02e12,林口三井OUTLET威秀影城,20250508,17:10,萬王之王
t02e12,林口三井OUTLET威秀影城,20250508,17:25,罪人
t02e12,林口三井OUTLET威秀影城,20250508,20:40,罪人
t02e12,林口三井OUTLET威秀影城,20250508,15:00,有病才會喜歡你
t02e12,林口三井OUTLET威秀影城,20250508,18:30,有病才會喜歡你
t02e12,林口三井OUTLET威秀影城,20250508,12:15,直到黎明
t02e12,林口三井OUTLET威秀影城,20250508,21:40,直到黎明
t02e12,林口三井OUTLET威秀影城,20250508,12:15,學姊是男孩劇場版：雨後天晴
t02e12,林口三井OUTLET威秀影城,20250508,20:00,飆風男孩
t02e12,林口三井OUTLET威秀影城,20250508,14:20,長安三萬里
t02e12,林口三井OUTLET威秀影城,20250508,21:20,復仇反擊戰
t02e12,林口三井OUTLET威秀影城,20250508,15:50,器子
t02e12,林口三井OUTLET威秀影城,20250508,15:15,雷霆特攻隊
t02e12,林口三井OUTLET威秀影城,20250508,17:40,雷霆特攻隊
t02e12,林口三井OUTLET威秀影城,20250508,20:05,雷霆特攻隊
t02e12,林口三井OUTLET威秀影城,20250508,12:30,劇場版「進擊的巨人」完結篇
t02e03,新莊鴻金寶麻吉影城,20250508,10:00,雷霆特攻隊
t02e03,新莊鴻金寶麻吉影城,20250508,12:20,雷霆特攻隊
t02e03,新莊鴻金寶麻吉影城,20250508,13:40,雷霆特攻隊
t02e03,新莊鴻金寶麻吉影城,20250508,14:40,雷霆特攻隊
t02e03,新莊鴻金寶麻吉影城,20250508,16:00,雷霆特攻隊
t02e03,新莊鴻金寶麻吉影城,20250508,17:00,雷霆特攻隊
t02e03,新莊鴻金寶麻吉影城,20250508,19:20,雷霆特攻隊
t02e03,新莊鴻金寶麻吉影城,20250508,20:30,雷霆特攻隊
t02e03,新莊鴻金寶麻吉影城,20250508,21:40,雷霆特攻隊
t02e03,新莊鴻金寶麻吉影城,20250508,22:50,雷霆特攻隊
t02e03,新莊鴻金寶麻吉影城,20250508,00:00,雷霆特攻隊
t02e03,新莊鴻金寶麻吉影城,20250508,10:00,夏日最後的祕密
t02e03,新莊鴻金寶麻吉影城,20250508,12:10,夏日最後的祕密
t02e03,新莊鴻金寶麻吉影城,20250508,14:20,夏日最後的祕密
t02e03,新莊鴻金寶麻吉影城,20250508,19:00,夏日最後的祕密
t02e03,新莊鴻金寶麻吉影城,20250508,23:10,夏日最後的祕密
t02e03,新莊鴻金寶麻吉影城,20250508,10:30,MINECRAFT麥塊電影
t02e03,新莊鴻金寶麻吉影城,20250508,12:30,MINECRAFT麥塊電影
t02e03,新莊鴻金寶麻吉影城,20250508,14:30,MINECRAFT麥塊電影
t02e03,新莊鴻金寶麻吉影城,20250508,16:30,MINECRAFT麥塊電影
t02e03,新莊鴻金寶麻吉影城,20250508,19:00,MINECRAFT麥塊電影
t02e03,新莊鴻金寶麻吉影城,20250508,10:00,會計師2
t02e03,新莊鴻金寶麻吉影城,20250508,14:20,會計師2
t02e03,新莊鴻金寶麻吉影城,20250508,16:45,會計師2
t02e03,新莊鴻金寶麻吉影城,20250508,19:10,會計師2
t02e03,新莊鴻金寶麻吉影城,20250508,21:35,會計師2
t02e03,新莊鴻金寶麻吉影城,20250508,00:00,會計師2
t02e03,新莊鴻金寶麻吉影城,20250508,12:25,直到黎明
t02e03,新莊鴻金寶麻吉影城,20250508,18:30,直到黎明
t02e03,新莊鴻金寶麻吉影城,20250508,21:10,直到黎明
t02e03,新莊鴻金寶麻吉影城,20250508,11:00,有病才會喜歡你
t02e03,新莊鴻金寶麻吉影城,20250508,16:30,有病才會喜歡你
t02e03,新莊鴻金寶麻吉影城,20250508,20:55,有病才會喜歡你
t02e03,新莊鴻金寶麻吉影城,20250508,23:05,有病才會喜歡你
t02e09,板橋秀泰影城,20250508,11:30,雷霆特攻隊
t02e09,板橋秀泰影城,20250508,12:00,雷霆特攻隊
t02e09,板橋秀泰影城,20250508,12:30,雷霆特攻隊
t02e09,板橋秀泰影城,20250508,14:00,雷霆特攻隊
t02e09,板橋秀泰影城,20250508,14:30,雷霆特攻隊
t02e09,板橋秀泰影城,20250508,15:00,雷霆特攻隊
t02e09,板橋秀泰影城,20250508,16:30,雷霆特攻隊
t02e09,板橋秀泰影城,20250508,17:00,雷霆特攻隊
t02e09,板橋秀泰影城,20250508,17:30,雷霆特攻隊
t02e09,板橋秀泰影城,20250508,18:00,雷霆特攻隊
t02e09,板橋秀泰影城,20250508,19:00,雷霆特攻隊
t02e09,板橋秀泰影城,20250508,19:30,雷霆特攻隊
t02e09,板橋秀泰影城,20250508,20:00,雷霆特攻隊
t02e09,板橋秀泰影城,20250508,20:30,雷霆特攻隊
t02e09,板橋秀泰影城,20250508,21:30,雷霆特攻隊
t02e09,板橋秀泰影城,20250508,22:30,雷霆特攻隊
t02e09,板橋秀泰影城,20250508,11:00,雷霆特攻隊
t02e09,板橋秀泰影城,20250508,13:30,雷霆特攻隊
t02e09,板橋秀泰影城,20250508,16:00,雷霆特攻隊
t02e09,板橋秀泰影城,20250508,18:30,雷霆特攻隊
t02e09,板橋秀泰影城,20250508,21:00,雷霆特攻隊
t02e09,板橋秀泰影城,20250508,11:00,聖夜：惡魔都市
t02e09,板橋秀泰影城,20250508,12:50,聖夜：惡魔都市
t02e09,板橋秀泰影城,20250508,14:40,聖夜：惡魔都市
t02e09,板橋秀泰影城,20250508,16:30,聖夜：惡魔都市
t02e09,板橋秀泰影城,20250508,18:20,聖夜：惡魔都市
t02e09,板橋秀泰影城,20250508,20:30,聖夜：惡魔都市
t02e09,板橋秀泰影城,20250508,22:20,聖夜：惡魔都市
t02e09,板橋秀泰影城,20250508,11:00,夏日最後的祕密
t02e09,板橋秀泰影城,20250508,15:40,夏日最後的祕密
t02e09,板橋秀泰影城,20250508,18:00,夏日最後的祕密
t02e09,板橋秀泰影城,20250508,20:20,夏日最後的祕密
t02e09,板橋秀泰影城,20250508,10:30,怪獸8號：Mission Recon
t02e09,板橋秀泰影城,20250508,13:20,怪獸8號：Mission Recon
t02e09,板橋秀泰影城,20250508,17:50,怪獸8號：Mission Recon
t02e09,板橋秀泰影城,20250508,20:10,怪獸8號：Mission Recon
t02e09,板橋秀泰影城,20250508,11:00,看我今天怎麼說
t02e09,板橋秀泰影城,20250508,17:40,看我今天怎麼說
t02e09,板橋秀泰影城,20250508,17:50,花束般的戀愛
t02e09,板橋秀泰影城,20250508,11:00,會計師2
t02e09,板橋秀泰影城,20250508,13:30,會計師2
t02e09,板橋秀泰影城,20250508,16:00,會計師2
t02e09,板橋秀泰影城,20250508,18:30,會計師2
t02e09,板橋秀泰影城,20250508,21:00,會計師2
t02e09,板橋秀泰影城,20250508,11:00,直到黎明
t02e09,板橋秀泰影城,20250508,13:00,直到黎明
t02e09,板橋秀泰影城,20250508,17:00,直到黎明
t02e09,板橋秀泰影城,20250508,20:00,喬王出任務
t02e09,板橋秀泰影城,20250508,23:00,鬼房客
t02e09,板橋秀泰影城,20250508,11:00,取精急轉彎
t02e09,板橋秀泰影城,20250508,14:20,取精急轉彎
t02e09,板橋秀泰影城,20250508,16:00,取精急轉彎
t02e09,板橋秀泰影城,20250508,17:40,取精急轉彎
t02e09,板橋秀泰影城,20250508,19:20,取精急轉彎
t02e09,板橋秀泰影城,20250508,21:00,取精急轉彎
t02e09,板橋秀泰影城,20250508,11:00,罪人
t02e09,板橋秀泰影城,20250508,16:00,罪人
t02e09,板橋秀泰影城,20250508,22:20,鬼迷藏
t02e09,板橋秀泰影城,20250508,16:00,犯罪直播
t02e09,板橋秀泰影城,20250508,15:40,萬王之王
t02e09,板橋秀泰影城,20250508,13:40,萬王之王
t02e09,板橋秀泰影城,20250508,13:40,復仇反擊戰
t02e09,板橋秀泰影城,20250508,18:40,復仇反擊戰
t02e09,板橋秀泰影城,20250508,15:40,器子
t02e09,板橋秀泰影城,20250508,17:50,器子
t02e09,板橋秀泰影城,20250508,11:00,MINECRAFT麥塊電影
t02e09,板橋秀泰影城,20250508,15:00,MINECRAFT麥塊電影
t02e09,板橋秀泰影城,20250508,17:00,MINECRAFT麥塊電影
t02e09,板橋秀泰影城,20250508,19:00,MINECRAFT麥塊電影
t02e09,板橋秀泰影城,20250508,11:00,有病才會喜歡你
t02e09,板橋秀泰影城,20250508,15:40,有病才會喜歡你
t02e09,板橋秀泰影城,20250508,20:20,有病才會喜歡你
t02e09,板橋秀泰影城,20250508,22:30,有病才會喜歡你
t02e09,板橋秀泰影城,20250508,13:20,天氣之子
t02e09,板橋秀泰影城,20250508,15:40,劇場版 世界計畫 崩壞的世界與無法歌唱的初音未來
t02e09,板橋秀泰影城,20250508,15:00,喵的奇幻漂流
t02e04,三重天台戲院,20250508,10:40,雷霆特攻隊
t02e04,三重天台戲院,20250508,13:10,雷霆特攻隊
t02e04,三重天台戲院,20250508,15:40,雷霆特攻隊
t02e04,三重天台戲院,20250508,18:10,雷霆特攻隊
t02e04,三重天台戲院,20250508,20:35,雷霆特攻隊
t02e04,三重天台戲院,20250508,22:50,雷霆特攻隊
t02e04,三重天台戲院,20250508,13:20,夏日最後的祕密
t02e04,三重天台戲院,20250508,15:40,夏日最後的祕密
t02e04,三重天台戲院,20250508,18:00,夏日最後的祕密
t02e04,三重天台戲院,20250508,20:20,夏日最後的祕密
t02e04,三重天台戲院,20250508,12:40,直到黎明
t02e04,三重天台戲院,20250508,16:45,直到黎明
t02e04,三重天台戲院,20250508,18:45,直到黎明
t02e04,三重天台戲院,20250508,23:10,直到黎明
t02e04,三重天台戲院,20250508,10:40,會計師2
t02e04,三重天台戲院,20250508,13:00,會計師2
t02e04,三重天台戲院,20250508,15:30,會計師2
t02e04,三重天台戲院,20250508,18:00,會計師2
t02e04,三重天台戲院,20250508,20:30,會計師2
t02e04,三重天台戲院,20250508,22:40,會計師2
t02e04,三重天台戲院,20250508,21:05,器子
t02e04,三重天台戲院,20250508,10:40,MINECRAFT麥塊電影
t02e04,三重天台戲院,20250508,13:10,MINECRAFT麥塊電影
t02e04,三重天台戲院,20250508,15:10,MINECRAFT麥塊電影
t02e04,三重天台戲院,20250508,17:10,MINECRAFT麥塊電影
t02e04,三重天台戲院,20250508,19:10,MINECRAFT麥塊電影
t02e04,三重天台戲院,20250508,14:40,有病才會喜歡你
t02e04,三重天台戲院,20250508,20:45,有病才會喜歡你
t02e10,國賓林口昕境廣場,20250508,14:30,雷霆特攻隊
t02e10,國賓林口昕境廣場,20250508,17:00,雷霆特攻隊
t02e10,國賓林口昕境廣場,20250508,18:50,雷霆特攻隊
t02e10,國賓林口昕境廣場,20250508,19:35,雷霆特攻隊
t02e10,國賓林口昕境廣場,20250508,21:15,雷霆特攻隊
t02e10,國賓林口昕境廣場,20250508,22:00,雷霆特攻隊
t02e10,國賓林口昕境廣場,20250508,13:20,雷霆特攻隊
t02e10,國賓林口昕境廣場,20250508,15:40,雷霆特攻隊
t02e10,國賓林口昕境廣場,20250508,18:05,雷霆特攻隊
t02e10,國賓林口昕境廣場,20250508,20:25,雷霆特攻隊
t02e10,國賓林口昕境廣場,20250508,22:50,雷霆特攻隊
t02e10,國賓林口昕境廣場,20250508,13:30,聖夜：惡魔都市
t02e10,國賓林口昕境廣場,20250508,15:15,聖夜：惡魔都市
t02e10,國賓林口昕境廣場,20250508,17:00,聖夜：惡魔都市
t02e10,國賓林口昕境廣場,20250508,18:45,聖夜：惡魔都市
t02e10,國賓林口昕境廣場,20250508,20:30,聖夜：惡魔都市
t02e10,國賓林口昕境廣場,20250508,22:20,聖夜：惡魔都市
t02e10,國賓林口昕境廣場,20250508,14:40,夏日最後的祕密
t02e10,國賓林口昕境廣場,20250508,15:25,夏日最後的祕密
t02e10,國賓林口昕境廣場,20250508,17:35,夏日最後的祕密
t02e10,國賓林口昕境廣場,20250508,21:20,夏日最後的祕密
t02e10,國賓林口昕境廣場,20250508,17:45,花束般的戀愛
t02e10,國賓林口昕境廣場,20250508,14:00,會計師2
t02e10,國賓林口昕境廣場,20250508,16:30,會計師2
t02e10,國賓林口昕境廣場,20250508,19:00,會計師2
t02e10,國賓林口昕境廣場,20250508,21:30,會計師2
t02e10,國賓林口昕境廣場,20250508,15:50,直到黎明
t02e10,國賓林口昕境廣場,20250508,22:35,直到黎明
t02e10,國賓林口昕境廣場,20250508,22:45,鬼房客
t02e10,國賓林口昕境廣場,20250508,13:50,取精急轉彎
t02e10,國賓林口昕境廣場,20250508,17:25,取精急轉彎
t02e10,國賓林口昕境廣場,20250508,19:45,取精急轉彎
t02e10,國賓林口昕境廣場,20250508,21:00,取精急轉彎
t02e10,國賓林口昕境廣場,20250508,20:05,罪人
t02e10,國賓林口昕境廣場,20250508,13:20,MINECRAFT麥塊電影
t02e10,國賓林口昕境廣場,20250508,19:00,MINECRAFT麥塊電影
t02e10,國賓林口昕境廣場,20250508,15:20,有病才會喜歡你
t02e10,國賓林口昕境廣場,20250508,16:50,萬王之王
t02e11,國賓新莊晶冠廣場影城,20250508,10:50,雷霆特攻隊
t02e11,國賓新莊晶冠廣場影城,20250508,11:30,雷霆特攻隊
t02e11,國賓新莊晶冠廣場影城,20250508,12:20,雷霆特攻隊
t02e11,國賓新莊晶冠廣場影城,20250508,13:10,雷霆特攻隊
t02e11,國賓新莊晶冠廣場影城,20250508,13:50,雷霆特攻隊
t02e11,國賓新莊晶冠廣場影城,20250508,14:25,雷霆特攻隊
t02e11,國賓新莊晶冠廣場影城,20250508,15:00,雷霆特攻隊
t02e11,國賓新莊晶冠廣場影城,20250508,15:35,雷霆特攻隊
t02e11,國賓新莊晶冠廣場影城,20250508,16:15,雷霆特攻隊
t02e11,國賓新莊晶冠廣場影城,20250508,16:50,雷霆特攻隊
t02e11,國賓新莊晶冠廣場影城,20250508,17:25,雷霆特攻隊
t02e11,國賓新莊晶冠廣場影城,20250508,18:00,雷霆特攻隊
t02e11,國賓新莊晶冠廣場影城,20250508,18:25,雷霆特攻隊
t02e11,國賓新莊晶冠廣場影城,20250508,18:50,雷霆特攻隊
t02e11,國賓新莊晶冠廣場影城,20250508,19:15,雷霆特攻隊
t02e11,國賓新莊晶冠廣場影城,20250508,19:50,雷霆特攻隊
t02e11,國賓新莊晶冠廣場影城,20250508,20:25,雷霆特攻隊
t02e11,國賓新莊晶冠廣場影城,20250508,20:50,雷霆特攻隊
t02e11,國賓新莊晶冠廣場影城,20250508,21:15,雷霆特攻隊
t02e11,國賓新莊晶冠廣場影城,20250508,21:45,雷霆特攻隊
t02e11,國賓新莊晶冠廣場影城,20250508,22:15,雷霆特攻隊
t02e11,國賓新莊晶冠廣場影城,20250508,22:50,雷霆特攻隊
t02e11,國賓新莊晶冠廣場影城,20250508,13:00,聖夜：惡魔都市
t02e11,國賓新莊晶冠廣場影城,20250508,14:45,聖夜：惡魔都市
t02e11,國賓新莊晶冠廣場影城,20250508,16:30,聖夜：惡魔都市
t02e11,國賓新莊晶冠廣場影城,20250508,18:15,聖夜：惡魔都市
t02e11,國賓新莊晶冠廣場影城,20250508,20:00,聖夜：惡魔都市
t02e11,國賓新莊晶冠廣場影城,20250508,21:45,聖夜：惡魔都市
t02e11,國賓新莊晶冠廣場影城,20250508,22:40,聖夜：惡魔都市
t02e11,國賓新莊晶冠廣場影城,20250508,13:10,夏日最後的祕密
t02e11,國賓新莊晶冠廣場影城,20250508,15:20,夏日最後的祕密
t02e11,國賓新莊晶冠廣場影城,20250508,17:30,夏日最後的祕密
t02e11,國賓新莊晶冠廣場影城,20250508,19:40,夏日最後的祕密
t02e11,國賓新莊晶冠廣場影城,20250508,13:00,長安三萬里
t02e11,國賓新莊晶冠廣場影城,20250508,17:10,長安三萬里
t02e11,國賓新莊晶冠廣場影城,20250508,12:50,花束般的戀愛
t02e11,國賓新莊晶冠廣場影城,20250508,15:20,花束般的戀愛
t02e11,國賓新莊晶冠廣場影城,20250508,20:10,花束般的戀愛
t02e11,國賓新莊晶冠廣場影城,20250508,22:10,花束般的戀愛
t02e11,國賓新莊晶冠廣場影城,20250508,11:30,怪獸8號：Mission Recon
t02e11,國賓新莊晶冠廣場影城,20250508,15:50,怪獸8號：Mission Recon
t02e11,國賓新莊晶冠廣場影城,20250508,18:05,怪獸8號：Mission Recon
t02e11,國賓新莊晶冠廣場影城,20250508,20:20,怪獸8號：Mission Recon
t02e11,國賓新莊晶冠廣場影城,20250508,16:00,看我今天怎麼說
t02e11,國賓新莊晶冠廣場影城,20250508,21:50,看我今天怎麼說
t02e11,國賓新莊晶冠廣場影城,20250508,11:20,會計師2
t02e11,國賓新莊晶冠廣場影城,20250508,12:50,會計師2
t02e11,國賓新莊晶冠廣場影城,20250508,14:00,會計師2
t02e11,國賓新莊晶冠廣場影城,20250508,16:30,會計師2
t02e11,國賓新莊晶冠廣場影城,20250508,17:40,會計師2
t02e11,國賓新莊晶冠廣場影城,20250508,19:00,會計師2
t02e11,國賓新莊晶冠廣場影城,20250508,21:30,會計師2
t02e11,國賓新莊晶冠廣場影城,20250508,22:40,會計師2
t02e11,國賓新莊晶冠廣場影城,20250508,13:15,直到黎明
t02e11,國賓新莊晶冠廣場影城,20250508,16:45,直到黎明
t02e11,國賓新莊晶冠廣場影城,20250508,21:50,直到黎明
t02e11,國賓新莊晶冠廣場影城,20250508,22:30,鬼房客
t02e11,國賓新莊晶冠廣場影城,20250508,12:50,取精急轉彎
t02e11,國賓新莊晶冠廣場影城,20250508,15:10,取精急轉彎
t02e11,國賓新莊晶冠廣場影城,20250508,18:40,取精急轉彎
t02e11,國賓新莊晶冠廣場影城,20250508,20:15,取精急轉彎
t02e11,國賓新莊晶冠廣場影城,20250508,15:30,罪人
t02e11,國賓新莊晶冠廣場影城,20250508,20:00,罪人
t02e11,國賓新莊晶冠廣場影城,20250508,10:50,MINECRAFT麥塊電影
t02e11,國賓新莊晶冠廣場影城,20250508,15:10,MINECRAFT麥塊電影
t02e11,國賓新莊晶冠廣場影城,20250508,20:10,MINECRAFT麥塊電影
t02e11,國賓新莊晶冠廣場影城,20250508,13:30,萬王之王
t02e11,國賓新莊晶冠廣場影城,20250508,11:20,萬王之王
t02e11,國賓新莊晶冠廣場影城,20250508,18:00,萬王之王
t02e11,國賓新莊晶冠廣場影城,20250508,13:45,器子
t02e13,樹林秀泰影城,20250508,11:00,雷霆特攻隊
t02e13,樹林秀泰影城,20250508,11:30,雷霆特攻隊
t02e13,樹林秀泰影城,20250508,12:00,雷霆特攻隊
t02e13,樹林秀泰影城,20250508,13:30,雷霆特攻隊
t02e13,樹林秀泰影城,20250508,14:30,雷霆特攻隊
t02e13,樹林秀泰影城,20250508,16:00,雷霆特攻隊
t02e13,樹林秀泰影城,20250508,16:40,雷霆特攻隊
t02e13,樹林秀泰影城,20250508,17:10,雷霆特攻隊
t02e13,樹林秀泰影城,20250508,18:30,雷霆特攻隊
t02e13,樹林秀泰影城,20250508,19:50,雷霆特攻隊
t02e13,樹林秀泰影城,20250508,21:00,雷霆特攻隊
t02e13,樹林秀泰影城,20250508,22:30,雷霆特攻隊
t02e13,樹林秀泰影城,20250508,10:30,雷霆特攻隊
t02e13,樹林秀泰影城,20250508,13:00,雷霆特攻隊
t02e13,樹林秀泰影城,20250508,15:30,雷霆特攻隊
t02e13,樹林秀泰影城,20250508,18:00,雷霆特攻隊
t02e13,樹林秀泰影城,20250508,20:30,雷霆特攻隊
t02e13,樹林秀泰影城,20250508,10:40,聖夜：惡魔都市
t02e13,樹林秀泰影城,20250508,12:30,聖夜：惡魔都市
t02e13,樹林秀泰影城,20250508,14:30,聖夜：惡魔都市
t02e13,樹林秀泰影城,20250508,16:30,聖夜：惡魔都市
t02e13,樹林秀泰影城,20250508,18:30,聖夜：惡魔都市
t02e13,樹林秀泰影城,20250508,20:30,聖夜：惡魔都市
t02e13,樹林秀泰影城,20250508,22:30,聖夜：惡魔都市
t02e13,樹林秀泰影城,20250508,13:10,夏日最後的祕密
t02e13,樹林秀泰影城,20250508,15:25,夏日最後的祕密
t02e13,樹林秀泰影城,20250508,17:40,夏日最後的祕密
t02e13,樹林秀泰影城,20250508,19:55,夏日最後的祕密
t02e13,樹林秀泰影城,20250508,12:50,怪獸8號：Mission Recon
t02e13,樹林秀泰影城,20250508,15:40,怪獸8號：Mission Recon
t02e13,樹林秀泰影城,20250508,19:50,怪獸8號：Mission Recon
t02e13,樹林秀泰影城,20250508,12:30,看我今天怎麼說
t02e13,樹林秀泰影城,20250508,19:40,看我今天怎麼說
t02e13,樹林秀泰影城,20250508,17:20,花束般的戀愛
t02e13,樹林秀泰影城,20250508,11:40,會計師2
t02e13,樹林秀泰影城,20250508,14:20,會計師2
t02e13,樹林秀泰影城,20250508,17:00,會計師2
t02e13,樹林秀泰影城,20250508,19:40,會計師2
t02e13,樹林秀泰影城,20250508,22:20,會計師2
t02e13,樹林秀泰影城,20250508,10:40,直到黎明
t02e13,樹林秀泰影城,20250508,15:10,直到黎明
t02e13,樹林秀泰影城,20250508,22:10,直到黎明
t02e13,樹林秀泰影城,20250508,22:00,喬王出任務
t02e13,樹林秀泰影城,20250508,22:20,鬼房客
t02e13,樹林秀泰影城,20250508,13:00,取精急轉彎
t02e13,樹林秀泰影城,20250508,17:50,取精急轉彎
t02e13,樹林秀泰影城,20250508,21:50,罪人
t02e13,樹林秀泰影城,20250508,10:30,萬王之王
t02e13,樹林秀泰影城,20250508,10:50,器子
t02e13,樹林秀泰影城,20250508,15:40,器子
t02e13,樹林秀泰影城,20250508,11:10,MINECRAFT麥塊電影
t02e13,樹林秀泰影城,20250508,15:30,MINECRAFT麥塊電影
t02e13,樹林秀泰影城,20250508,17:40,MINECRAFT麥塊電影
t02e13,樹林秀泰影城,20250508,11:10,有病才會喜歡你
t02e13,樹林秀泰影城,20250508,13:20,有病才會喜歡你
t02e13,樹林秀泰影城,20250508,17:40,有病才會喜歡你
t02e13,樹林秀泰影城,20250508,19:50,有病才會喜歡你
t02e13,樹林秀泰影城,20250508,17:30,劇場版 世界計畫 崩壞的世界與無法歌唱的初音未來
t02e15,土城秀泰影城,20250508,11:30,雷霆特攻隊
t02e15,土城秀泰影城,20250508,12:30,雷霆特攻隊
t02e15,土城秀泰影城,20250508,13:00,雷霆特攻隊
t02e15,土城秀泰影城,20250508,14:00,雷霆特攻隊
t02e15,土城秀泰影城,20250508,15:00,雷霆特攻隊
t02e15,土城秀泰影城,20250508,15:30,雷霆特攻隊
t02e15,土城秀泰影城,20250508,16:30,雷霆特攻隊
t02e15,土城秀泰影城,20250508,17:30,雷霆特攻隊
t02e15,土城秀泰影城,20250508,18:00,雷霆特攻隊
t02e15,土城秀泰影城,20250508,19:00,雷霆特攻隊
t02e15,土城秀泰影城,20250508,20:00,雷霆特攻隊
t02e15,土城秀泰影城,20250508,20:30,雷霆特攻隊
t02e15,土城秀泰影城,20250508,11:20,聖夜：惡魔都市
t02e15,土城秀泰影城,20250508,13:10,聖夜：惡魔都市
t02e15,土城秀泰影城,20250508,15:00,聖夜：惡魔都市
t02e15,土城秀泰影城,20250508,16:50,聖夜：惡魔都市
t02e15,土城秀泰影城,20250508,18:40,聖夜：惡魔都市
t02e15,土城秀泰影城,20250508,20:30,聖夜：惡魔都市
t02e15,土城秀泰影城,20250508,11:00,怪獸8號：Mission Recon
t02e15,土城秀泰影城,20250508,15:40,怪獸8號：Mission Recon
t02e15,土城秀泰影城,20250508,20:20,怪獸8號：Mission Recon
t02e15,土城秀泰影城,20250508,13:00,花束般的戀愛
t02e15,土城秀泰影城,20250508,12:20,會計師2
t02e15,土城秀泰影城,20250508,14:50,會計師2
t02e15,土城秀泰影城,20250508,17:20,會計師2
t02e15,土城秀泰影城,20250508,19:50,會計師2
t02e15,土城秀泰影城,20250508,16:30,直到黎明
t02e15,土城秀泰影城,20250508,20:20,直到黎明
t02e15,土城秀泰影城,20250508,13:30,喬王出任務
t02e15,土城秀泰影城,20250508,14:40,鬼房客
t02e15,土城秀泰影城,20250508,20:00,罪人
t02e15,土城秀泰影城,20250508,17:30,萬王之王
t02e15,土城秀泰影城,20250508,18:30,器子
t02e15,土城秀泰影城,20250508,11:30,MINECRAFT麥塊電影
t02e15,土城秀泰影城,20250508,15:50,MINECRAFT麥塊電影
t02e15,土城秀泰影城,20250508,13:20,有病才會喜歡你
t02e15,土城秀泰影城,20250508,15:20,有病才會喜歡你
t02e15,土城秀泰影城,20250508,19:30,有病才會喜歡你
t02e15,土城秀泰影城,20250508,11:20,超人力霸王雅克 THE MOVIE 超次元大決戰！光與暗的雅克
t02e18,國賓影城淡水禮萊廣場,20250508,13:20,雷霆特攻隊
t02e18,國賓影城淡水禮萊廣場,20250508,14:30,雷霆特攻隊
t02e18,國賓影城淡水禮萊廣場,20250508,15:40,雷霆特攻隊
t02e18,國賓影城淡水禮萊廣場,20250508,17:00,雷霆特攻隊
t02e18,國賓影城淡水禮萊廣場,20250508,18:05,雷霆特攻隊
t02e18,國賓影城淡水禮萊廣場,20250508,18:45,雷霆特攻隊
t02e18,國賓影城淡水禮萊廣場,20250508,19:35,雷霆特攻隊
t02e18,國賓影城淡水禮萊廣場,20250508,20:25,雷霆特攻隊
t02e18,國賓影城淡水禮萊廣場,20250508,21:10,雷霆特攻隊
t02e18,國賓影城淡水禮萊廣場,20250508,22:00,雷霆特攻隊
t02e18,國賓影城淡水禮萊廣場,20250508,22:50,雷霆特攻隊
t02e18,國賓影城淡水禮萊廣場,20250508,13:30,聖夜：惡魔都市
t02e18,國賓影城淡水禮萊廣場,20250508,15:15,聖夜：惡魔都市
t02e18,國賓影城淡水禮萊廣場,20250508,17:00,聖夜：惡魔都市
t02e18,國賓影城淡水禮萊廣場,20250508,18:45,聖夜：惡魔都市
t02e18,國賓影城淡水禮萊廣場,20250508,20:30,聖夜：惡魔都市
t02e18,國賓影城淡水禮萊廣場,20250508,22:20,聖夜：惡魔都市
t02e18,國賓影城淡水禮萊廣場,20250508,13:40,夏日最後的祕密
t02e18,國賓影城淡水禮萊廣場,20250508,15:25,夏日最後的祕密
t02e18,國賓影城淡水禮萊廣場,20250508,17:35,夏日最後的祕密
t02e18,國賓影城淡水禮萊廣場,20250508,21:20,夏日最後的祕密
t02e18,國賓影城淡水禮萊廣場,20250508,17:45,花束般的戀愛
t02e18,國賓影城淡水禮萊廣場,20250508,14:10,怪獸8號：Mission Recon
t02e18,國賓影城淡水禮萊廣場,20250508,16:30,怪獸8號：Mission Recon
t02e18,國賓影城淡水禮萊廣場,20250508,19:25,怪獸8號：Mission Recon
t02e18,國賓影城淡水禮萊廣場,20250508,14:00,會計師2
t02e18,國賓影城淡水禮萊廣場,20250508,16:30,會計師2
t02e18,國賓影城淡水禮萊廣場,20250508,19:00,會計師2
t02e18,國賓影城淡水禮萊廣場,20250508,21:30,會計師2
t02e18,國賓影城淡水禮萊廣場,20250508,15:50,直到黎明
t02e18,國賓影城淡水禮萊廣場,20250508,20:05,直到黎明
t02e18,國賓影城淡水禮萊廣場,20250508,13:50,取精急轉彎
t02e18,國賓影城淡水禮萊廣場,20250508,19:45,取精急轉彎
t02e18,國賓影城淡水禮萊廣場,20250508,22:00,罪人
t02e18,國賓影城淡水禮萊廣場,20250508,13:20,MINECRAFT麥塊電影
t02e18,國賓影城淡水禮萊廣場,20250508,17:25,MINECRAFT麥塊電影
t02e18,國賓影城淡水禮萊廣場,20250508,15:20,有病才會喜歡你
t02e18,國賓影城淡水禮萊廣場,20250508,21:40,復仇反擊戰
t02e17,永和喜樂時代影城,20250508,10:30,雷霆特攻隊
t02e17,永和喜樂時代影城,20250508,11:20,雷霆特攻隊
t02e17,永和喜樂時代影城,20250508,12:10,雷霆特攻隊
t02e17,永和喜樂時代影城,20250508,12:55,雷霆特攻隊
t02e17,永和喜樂時代影城,20250508,13:45,雷霆特攻隊
t02e17,永和喜樂時代影城,20250508,14:45,雷霆特攻隊
t02e17,永和喜樂時代影城,20250508,15:20,雷霆特攻隊
t02e17,永和喜樂時代影城,20250508,16:10,雷霆特攻隊
t02e17,永和喜樂時代影城,20250508,17:45,雷霆特攻隊
t02e17,永和喜樂時代影城,20250508,18:35,雷霆特攻隊
t02e17,永和喜樂時代影城,20250508,19:15,雷霆特攻隊
t02e17,永和喜樂時代影城,20250508,20:10,雷霆特攻隊
t02e17,永和喜樂時代影城,20250508,21:00,雷霆特攻隊
t02e17,永和喜樂時代影城,20250508,22:15,雷霆特攻隊
t02e17,永和喜樂時代影城,20250508,16:50,雷霆特攻隊
t02e17,永和喜樂時代影城,20250508,21:25,雷霆特攻隊
t02e17,永和喜樂時代影城,20250508,11:00,聖夜：惡魔都市
t02e17,永和喜樂時代影城,20250508,12:50,聖夜：惡魔都市
t02e17,永和喜樂時代影城,20250508,14:40,聖夜：惡魔都市
t02e17,永和喜樂時代影城,20250508,16:30,聖夜：惡魔都市
t02e17,永和喜樂時代影城,20250508,18:20,聖夜：惡魔都市
t02e17,永和喜樂時代影城,20250508,20:10,聖夜：惡魔都市
t02e17,永和喜樂時代影城,20250508,22:00,聖夜：惡魔都市
t02e17,永和喜樂時代影城,20250508,12:35,夏日最後的祕密
t02e17,永和喜樂時代影城,20250508,14:50,夏日最後的祕密
t02e17,永和喜樂時代影城,20250508,17:45,夏日最後的祕密
t02e17,永和喜樂時代影城,20250508,20:00,夏日最後的祕密
t02e17,永和喜樂時代影城,20250508,11:10,看我今天怎麼說
t02e17,永和喜樂時代影城,20250508,15:15,看我今天怎麼說
t02e17,永和喜樂時代影城,20250508,19:30,看我今天怎麼說
t02e17,永和喜樂時代影城,20250508,17:45,復活劫
t02e17,永和喜樂時代影城,20250508,22:05,復活劫
t02e17,永和喜樂時代影城,20250508,12:30,跳進部落的孩子
t02e17,永和喜樂時代影城,20250508,18:20,跳進部落的孩子
t02e17,永和喜樂時代影城,20250508,10:30,長安三萬里
t02e17,永和喜樂時代影城,20250508,19:00,長安三萬里
t02e17,永和喜樂時代影城,20250508,15:50,長安三萬里
t02e17,永和喜樂時代影城,20250508,17:05,花束般的戀愛
t02e17,永和喜樂時代影城,20250508,11:25,會計師2
t02e17,永和喜樂時代影城,20250508,14:00,會計師2
t02e17,永和喜樂時代影城,20250508,16:35,會計師2
t02e17,永和喜樂時代影城,20250508,19:10,會計師2
t02e17,永和喜樂時代影城,20250508,21:45,會計師2
t02e17,永和喜樂時代影城,20250508,10:30,直到黎明
t02e17,永和喜樂時代影城,20250508,14:20,直到黎明
t02e17,永和喜樂時代影城,20250508,16:20,直到黎明
t02e17,永和喜樂時代影城,20250508,20:10,直到黎明
t02e17,永和喜樂時代影城,20250508,10:30,喬王出任務
t02e17,永和喜樂時代影城,20250508,22:10,鬼房客
t02e17,永和喜樂時代影城,20250508,12:35,小王子
t02e17,永和喜樂時代影城,20250508,10:30,取精急轉彎
t02e17,永和喜樂時代影城,20250508,14:45,取精急轉彎
t02e17,永和喜樂時代影城,20250508,18:30,取精急轉彎
t02e17,永和喜樂時代影城,20250508,19:45,取精急轉彎
t02e17,永和喜樂時代影城,20250508,22:15,取精急轉彎
t02e17,永和喜樂時代影城,20250508,13:30,北極小迷狐：吉娜&尤克
t02e17,永和喜樂時代影城,20250508,10:50,罪人
t02e17,永和喜樂時代影城,20250508,21:25,罪人
t02e17,永和喜樂時代影城,20250508,12:45,萬王之王
t02e17,永和喜樂時代影城,20250508,10:30,萬王之王
t02e17,永和喜樂時代影城,20250508,16:25,萬王之王
t02e17,永和喜樂時代影城,20250508,22:10,器子
t02e17,永和喜樂時代影城,20250508,10:45,MINECRAFT麥塊電影
t02e17,永和喜樂時代影城,20250508,12:45,MINECRAFT麥塊電影
t02e17,永和喜樂時代影城,20250508,13:45,MINECRAFT麥塊電影
t02e17,永和喜樂時代影城,20250508,14:45,MINECRAFT麥塊電影
t02e17,永和喜樂時代影城,20250508,15:45,MINECRAFT麥塊電影
t02e17,永和喜樂時代影城,20250508,17:15,MINECRAFT麥塊電影
t02e17,永和喜樂時代影城,20250508,19:20,MINECRAFT麥塊電影
t02e17,永和喜樂時代影城,20250508,20:15,MINECRAFT麥塊電影
t02e17,永和喜樂時代影城,20250508,21:40,MINECRAFT麥塊電影
t02e17,永和喜樂時代影城,20250508,10:30,有病才會喜歡你
t02e17,永和喜樂時代影城,20250508,14:40,有病才會喜歡你
t02e17,永和喜樂時代影城,20250508,16:45,有病才會喜歡你
t02e17,永和喜樂時代影城,20250508,19:00,有病才會喜歡你
t02e17,永和喜樂時代影城,20250508,21:15,有病才會喜歡你
t02e17,永和喜樂時代影城,20250508,13:40,劇場版 世界計畫 崩壞的世界與無法歌唱的初音未來
t02e19,美麗新宏匯影城,20250508,13:40,雷霆特攻隊
t02e19,美麗新宏匯影城,20250508,15:00,雷霆特攻隊
t02e19,美麗新宏匯影城,20250508,16:10,雷霆特攻隊
t02e19,美麗新宏匯影城,20250508,17:30,雷霆特攻隊
t02e19,美麗新宏匯影城,20250508,18:40,雷霆特攻隊
t02e19,美麗新宏匯影城,20250508,20:00,雷霆特攻隊
t02e19,美麗新宏匯影城,20250508,21:10,雷霆特攻隊
t02e19,美麗新宏匯影城,20250508,13:00,雷霆特攻隊
t02e19,美麗新宏匯影城,20250508,14:10,雷霆特攻隊
t02e19,美麗新宏匯影城,20250508,15:30,雷霆特攻隊
t02e19,美麗新宏匯影城,20250508,16:40,雷霆特攻隊
t02e19,美麗新宏匯影城,20250508,18:00,雷霆特攻隊
t02e19,美麗新宏匯影城,20250508,19:10,雷霆特攻隊
t02e19,美麗新宏匯影城,20250508,20:30,雷霆特攻隊
t02e19,美麗新宏匯影城,20250508,21:40,雷霆特攻隊
t02e19,美麗新宏匯影城,20250508,13:10,聖夜：惡魔都市
t02e19,美麗新宏匯影城,20250508,18:10,聖夜：惡魔都市
t02e19,美麗新宏匯影城,20250508,20:30,聖夜：惡魔都市
t02e19,美麗新宏匯影城,20250508,15:20,聖夜：惡魔都市
t02e19,美麗新宏匯影城,20250508,19:50,聖夜：惡魔都市
t02e19,美麗新宏匯影城,20250508,22:00,聖夜：惡魔都市
t02e19,美麗新宏匯影城,20250508,12:50,夏日最後的祕密
t02e19,美麗新宏匯影城,20250508,15:05,夏日最後的祕密
t02e19,美麗新宏匯影城,20250508,19:20,夏日最後的祕密
t02e19,美麗新宏匯影城,20250508,21:50,夏日最後的祕密
t02e19,美麗新宏匯影城,20250508,21:35,花束般的戀愛
t02e19,美麗新宏匯影城,20250508,15:10,長安三萬里
t02e19,美麗新宏匯影城,20250508,21:00,長安三萬里
t02e19,美麗新宏匯影城,20250508,16:10,看我今天怎麼說
t02e19,美麗新宏匯影城,20250508,12:50,怪獸8號：Mission Recon
t02e19,美麗新宏匯影城,20250508,17:10,怪獸8號：Mission Recon
t02e19,美麗新宏匯影城,20250508,19:30,怪獸8號：Mission Recon
t02e19,美麗新宏匯影城,20250508,13:00,會計師2
t02e19,美麗新宏匯影城,20250508,15:50,會計師2
t02e19,美麗新宏匯影城,20250508,19:10,會計師2
t02e19,美麗新宏匯影城,20250508,13:40,會計師2
t02e19,美麗新宏匯影城,20250508,18:40,會計師2
t02e19,美麗新宏匯影城,20250508,21:10,會計師2
t02e19,美麗新宏匯影城,20250508,12:50,直到黎明
t02e19,美麗新宏匯影城,20250508,17:20,直到黎明
t02e19,美麗新宏匯影城,20250508,16:20,鬼房客
t02e19,美麗新宏匯影城,20250508,14:40,取精急轉彎
t02e19,美麗新宏匯影城,20250508,18:10,取精急轉彎
t02e19,美麗新宏匯影城,20250508,15:20,罪人
t02e19,美麗新宏匯影城,20250508,18:20,罪人
t02e19,美麗新宏匯影城,20250508,13:20,萬王之王
t02e19,美麗新宏匯影城,20250508,21:50,MINECRAFT麥塊電影
t02e19,美麗新宏匯影城,20250508,15:45,MINECRAFT麥塊電影
t02e19,美麗新宏匯影城,20250508,20:00,MINECRAFT麥塊電影
t02e19,美麗新宏匯影城,20250508,13:30,有病才會喜歡你
t02e19,美麗新宏匯影城,20250508,17:50,有病才會喜歡你
t02e19,美麗新宏匯影城,20250508,21:50,有病才會喜歡你
t02e19,美麗新宏匯影城,20250508,13:00,GIVEN被贈與的未來劇場版：去海邊
t02e19,美麗新宏匯影城,20250508,21:30,復仇反擊戰
t02e20,中和環球威秀影城,20250508,11:45,雷霆特攻隊
t02e20,中和環球威秀影城,20250508,12:30,雷霆特攻隊
t02e20,中和環球威秀影城,20250508,13:20,雷霆特攻隊
t02e20,中和環球威秀影城,20250508,14:10,雷霆特攻隊
t02e20,中和環球威秀影城,20250508,14:55,雷霆特攻隊
t02e20,中和環球威秀影城,20250508,16:35,雷霆特攻隊
t02e20,中和環球威秀影城,20250508,17:20,雷霆特攻隊
t02e20,中和環球威秀影城,20250508,18:10,雷霆特攻隊
t02e20,中和環球威秀影城,20250508,19:00,雷霆特攻隊
t02e20,中和環球威秀影城,20250508,19:45,雷霆特攻隊
t02e20,中和環球威秀影城,20250508,20:35,雷霆特攻隊
t02e20,中和環球威秀影城,20250508,21:25,雷霆特攻隊
t02e20,中和環球威秀影城,20250508,15:45,雷霆特攻隊
t02e20,中和環球威秀影城,20250508,11:50,會計師2
t02e20,中和環球威秀影城,20250508,14:20,會計師2
t02e20,中和環球威秀影城,20250508,16:50,會計師2
t02e20,中和環球威秀影城,20250508,18:00,會計師2
t02e20,中和環球威秀影城,20250508,19:20,會計師2
t02e20,中和環球威秀影城,20250508,20:30,會計師2
t02e20,中和環球威秀影城,20250508,21:20,會計師2
t02e20,中和環球威秀影城,20250508,11:30,MINECRAFT麥塊電影
t02e20,中和環球威秀影城,20250508,13:30,MINECRAFT麥塊電影
t02e20,中和環球威秀影城,20250508,15:30,MINECRAFT麥塊電影
t02e20,中和環球威秀影城,20250508,17:30,MINECRAFT麥塊電影
t02e20,中和環球威秀影城,20250508,19:30,MINECRAFT麥塊電影
t02e20,中和環球威秀影城,20250508,21:30,MINECRAFT麥塊電影
t02e20,中和環球威秀影城,20250508,11:35,聖夜：惡魔都市
t02e20,中和環球威秀影城,20250508,16:00,聖夜：惡魔都市
t02e20,中和環球威秀影城,20250508,19:30,聖夜：惡魔都市
t02e20,中和環球威秀影城,20250508,21:20,聖夜：惡魔都市
t02e20,中和環球威秀影城,20250508,12:15,夏日最後的祕密
t02e20,中和環球威秀影城,20250508,14:30,夏日最後的祕密
t02e20,中和環球威秀影城,20250508,19:05,夏日最後的祕密
t02e20,中和環球威秀影城,20250508,21:25,夏日最後的祕密
t02e20,中和環球威秀影城,20250508,12:35,怪獸8號：Mission Recon
t02e20,中和環球威秀影城,20250508,18:20,怪獸8號：Mission Recon
t02e20,中和環球威秀影城,20250508,12:00,有病才會喜歡你
t02e20,中和環球威秀影城,20250508,17:15,有病才會喜歡你
t02e20,中和環球威秀影城,20250508,11:40,GIVEN被贈與的未來劇場版：去海邊
t02e20,中和環球威秀影城,20250508,17:50,GIVEN被贈與的未來劇場版：去海邊
t02e20,中和環球威秀影城,20250508,14:10,直到黎明
t02e20,中和環球威秀影城,20250508,19:25,直到黎明
t02e20,中和環球威秀影城,20250508,13:25,罪人
t02e20,中和環球威秀影城,20250508,20:40,罪人
t02e20,中和環球威秀影城,20250508,14:55,長安三萬里
t02e20,中和環球威秀影城,20250508,11:35,萬王之王
t02e20,中和環球威秀影城,20250508,16:10,器子
t02e20,中和環球威秀影城,20250508,13:50,超人力霸王雅克 THE MOVIE 超次元大決戰！光與暗的雅克
t02e20,中和環球威秀影城,20250508,16:45,復仇反擊戰
t02e20,中和環球威秀影城,20250508,15:30,鬼房客
t02e21,新店裕隆城威秀影城,20250508,11:30,雷霆特攻隊
t02e21,新店裕隆城威秀影城,20250508,12:50,雷霆特攻隊
t02e21,新店裕隆城威秀影城,20250508,13:55,雷霆特攻隊
t02e21,新店裕隆城威秀影城,20250508,15:15,雷霆特攻隊
t02e21,新店裕隆城威秀影城,20250508,16:20,雷霆特攻隊
t02e21,新店裕隆城威秀影城,20250508,17:40,雷霆特攻隊
t02e21,新店裕隆城威秀影城,20250508,18:45,雷霆特攻隊
t02e21,新店裕隆城威秀影城,20250508,20:05,雷霆特攻隊
t02e21,新店裕隆城威秀影城,20250508,21:10,雷霆特攻隊
t02e21,新店裕隆城威秀影城,20250508,15:50,雷霆特攻隊
t02e21,新店裕隆城威秀影城,20250508,11:40,會計師2
t02e21,新店裕隆城威秀影城,20250508,14:10,會計師2
t02e21,新店裕隆城威秀影城,20250508,15:10,會計師2
t02e21,新店裕隆城威秀影城,20250508,16:40,會計師2
t02e21,新店裕隆城威秀影城,20250508,19:10,會計師2
t02e21,新店裕隆城威秀影城,20250508,20:10,會計師2
t02e21,新店裕隆城威秀影城,20250508,21:40,會計師2
t02e21,新店裕隆城威秀影城,20250508,11:50,聖夜：惡魔都市
t02e21,新店裕隆城威秀影城,20250508,13:40,聖夜：惡魔都市
t02e21,新店裕隆城威秀影城,20250508,15:30,聖夜：惡魔都市
t02e21,新店裕隆城威秀影城,20250508,17:20,聖夜：惡魔都市
t02e21,新店裕隆城威秀影城,20250508,19:10,聖夜：惡魔都市
t02e21,新店裕隆城威秀影城,20250508,21:00,聖夜：惡魔都市
t02e21,新店裕隆城威秀影城,20250508,11:35,MINECRAFT麥塊電影
t02e21,新店裕隆城威秀影城,20250508,13:35,MINECRAFT麥塊電影
t02e21,新店裕隆城威秀影城,20250508,15:35,MINECRAFT麥塊電影
t02e21,新店裕隆城威秀影城,20250508,17:35,MINECRAFT麥塊電影
t02e21,新店裕隆城威秀影城,20250508,19:35,MINECRAFT麥塊電影
t02e21,新店裕隆城威秀影城,20250508,21:35,MINECRAFT麥塊電影
t02e21,新店裕隆城威秀影城,20250508,11:40,夏日最後的祕密
t02e21,新店裕隆城威秀影城,20250508,13:55,夏日最後的祕密
t02e21,新店裕隆城威秀影城,20250508,16:15,夏日最後的祕密
t02e21,新店裕隆城威秀影城,20250508,18:30,夏日最後的祕密
t02e21,新店裕隆城威秀影城,20250508,20:45,夏日最後的祕密
t02e21,新店裕隆城威秀影城,20250508,12:00,萬王之王
t02e21,新店裕隆城威秀影城,20250508,16:10,萬王之王
t02e21,新店裕隆城威秀影城,20250508,14:05,萬王之王
t02e21,新店裕隆城威秀影城,20250508,18:10,萬王之王
t02e21,新店裕隆城威秀影城,20250508,11:30,罪人
t02e21,新店裕隆城威秀影城,20250508,16:05,罪人
t02e21,新店裕隆城威秀影城,20250508,18:40,罪人
t02e21,新店裕隆城威秀影城,20250508,21:20,罪人
t02e21,新店裕隆城威秀影城,20250508,12:00,取精急轉彎
t02e21,新店裕隆城威秀影城,20250508,16:50,取精急轉彎
t02e21,新店裕隆城威秀影城,20250508,20:20,取精急轉彎
t02e21,新店裕隆城威秀影城,20250508,12:30,怪獸8號：Mission Recon
t02e21,新店裕隆城威秀影城,20250508,16:45,怪獸8號：Mission Recon
t02e21,新店裕隆城威秀影城,20250508,19:10,怪獸8號：Mission Recon
t02e21,新店裕隆城威秀影城,20250508,11:35,有病才會喜歡你
t02e21,新店裕隆城威秀影城,20250508,16:20,有病才會喜歡你
t02e21,新店裕隆城威秀影城,20250508,18:30,有病才會喜歡你
t02e21,新店裕隆城威秀影城,20250508,14:00,跳進部落的孩子
t02e21,新店裕隆城威秀影城,20250508,18:20,跳進部落的孩子
t02e21,新店裕隆城威秀影城,20250508,14:05,直到黎明
t02e21,新店裕隆城威秀影城,20250508,20:10,直到黎明
t02e21,新店裕隆城威秀影城,20250508,13:45,看我今天怎麼說
t02e21,新店裕隆城威秀影城,20250508,20:40,看我今天怎麼說
t02e21,新店裕隆城威秀影城,20250508,15:00,GIVEN被贈與的未來劇場版：去海邊
t02e21,新店裕隆城威秀影城,20250508,12:50,花束般的戀愛
t02e21,新店裕隆城威秀影城,20250508,13:40,長安三萬里
t02e21,新店裕隆城威秀影城,20250508,18:30,沈睡的水下巨人
t02e21,新店裕隆城威秀影城,20250508,11:40,秘密會議
t02e21,新店裕隆城威秀影城,20250508,20:15,飆風男孩
t02e21,新店裕隆城威秀影城,20250508,22:00,器子
t02e21,新店裕隆城威秀影城,20250508,17:45,學姊是男孩劇場版：雨後天晴
t02e21,新店裕隆城威秀影城,20250508,21:30,藍色太陽宮
t02e21,新店裕隆城威秀影城,20250508,12:10,雷霆特攻隊
t02e21,新店裕隆城威秀影城,20250508,14:35,雷霆特攻隊
t02e21,新店裕隆城威秀影城,20250508,17:00,雷霆特攻隊
t02e21,新店裕隆城威秀影城,20250508,19:25,雷霆特攻隊
t02e21,新店裕隆城威秀影城,20250508,21:50,雷霆特攻隊
t02f05,景美佳佳戲院,20250508,11:00,非紳士特攻隊
t02f05,景美佳佳戲院,20250508,14:45,非紳士特攻隊
t02f05,景美佳佳戲院,20250508,18:30,非紳士特攻隊
t02f05,景美佳佳戲院,20250508,13:05,窒息倒數
t02f05,景美佳佳戲院,20250508,16:50,窒息倒數
t02f05,景美佳佳戲院,20250508,11:00,破·地獄
t02f05,景美佳佳戲院,20250508,14:50,破·地獄
t02f05,景美佳佳戲院,20250508,18:40,破·地獄
t02f05,景美佳佳戲院,20250508,13:10,征服山的少年
t02f05,景美佳佳戲院,20250508,17:00,征服山的少年
t02f05,景美佳佳戲院,20250508,11:00,鑽石大劫案：極盜戰
t02f05,景美佳佳戲院,20250508,15:00,鑽石大劫案：極盜戰
t02f05,景美佳佳戲院,20250508,19:00,鑽石大劫案：極盜戰
t02f05,景美佳佳戲院,20250508,13:15,狼人
t02f05,景美佳佳戲院,20250508,17:15,狼人
